Video ID,Channel ID,Title,Published Date
xv5i-uSDXPk,UCwFRGieumnh1MrM5F3D65Tg,NEW X SUIT CRATE OPENING | BGMI NEW MODE WITH REGALTOS | LIVE,2026-08-01T10:43:16Z
bD6m_x4JTRg,UCwFRGieumnh1MrM5F3D65Tg,S8UL VALORANT 5 VS 5 WITH REGALTOS | S8UL GROUP GAMES,2026-07-28T19:36:33Z
89tBEFC_mMo,UCwFRGieumnh1MrM5F3D65Tg,SUPER BATTLE GOLF | MECCHA CHAMELEON DONE | S8UL GROUP GAMES,2026-07-25T19:08:10Z
Npo9zslfLDg,UCwFRGieumnh1MrM5F3D65Tg,GTA V RP NOW | MECCHA CHAMELEON+SCRIBBLE AND BGMI CRATE OPENING DONE,2026-07-21T20:41:49Z
yfCw28seJmc,UCwFRGieumnh1MrM5F3D65Tg,S8UL VALO 5V5 | MECCHA CHAMELEON DONE | S8UL GROUP GAMES,2026-07-13T19:11:34Z
4aJTZ7SwBiI,UCwFRGieumnh1MrM5F3D65Tg,MECCHA CHAMELEON | S8UL GROUP GAMES,2026-07-06T19:18:12Z
vOLkYCpBwbc,UCwFRGieumnh1MrM5F3D65Tg,"DARK MUMMY SET CRATE OPENING STREAM | 1,00,000 UC CRATE OPENING",2026-07-03T16:18:47Z
DZjOXbxJQSI,UCwFRGieumnh1MrM5F3D65Tg,MECCHA CHAMELEON | S8UL GROUP GAMES,2026-06-30T19:54:24Z
WCvia0nPP2A,UCwFRGieumnh1MrM5F3D65Tg,Sneak Peek of Our New House 🏠 | My Dream Gaming Room,2026-06-29T03:00:18Z
AQ6hhiLfj6A,UCwFRGieumnh1MrM5F3D65Tg,MECCHA CHAMELEON | S8UL GROUP GAMES,2026-06-27T19:30:38Z
VR6vPEPMX4Q,UCwFRGieumnh1MrM5F3D65Tg,surprised my mom | going home after 3 months ❤️,2026-06-26T09:45:22Z
94rCfIQC4K8,UCwFRGieumnh1MrM5F3D65Tg,Surprising Family and Friends | Going Home After 3 Months,2026-06-25T03:30:04Z
rG4T9KXBdK0,UCwFRGieumnh1MrM5F3D65Tg,DAY 3 | BMPS WATCHPARTY 2026 WITH REGALTOS,2026-06-21T14:30:51Z
ewpS3AWHDIo,UCwFRGieumnh1MrM5F3D65Tg,DAY 2 | BMPS WATCHPARTY WITH REGALTOS,2026-06-20T14:26:32Z
7y2vqxJVJ6k,UCwFRGieumnh1MrM5F3D65Tg,BMPS WATCHPARTY 2026 WITH REGALTOS,2026-06-19T15:23:48Z
mbxeiNnLICQ,UCwFRGieumnh1MrM5F3D65Tg,MECCHA CHAMELEON | HFF DONE | S8UL GROUP GAMES,2026-06-18T21:03:27Z
OH9JBWLYjaU,UCwFRGieumnh1MrM5F3D65Tg,MECCHA CHAMELEON | S8UL GROUP GAMES,2026-06-17T19:56:31Z
UMwgMk1aWPw,UCwFRGieumnh1MrM5F3D65Tg,My Mumbai House Gaming Room Tour 😍,2026-06-11T02:30:33Z
qmltrYiP_bs,UCwFRGieumnh1MrM5F3D65Tg,MECCHA CHAMELEON | S8UL GROUP GAMES,2026-06-10T19:28:08Z
_q2a5_KdCGg,UCwFRGieumnh1MrM5F3D65Tg,NEW UMP SKIN CRATE OPENING | CLASSIC RUSH GAMES : BGMI LIVE WITH REGALTOS,2026-06-05T09:53:25Z
xS7l1ohpz4I,UCwFRGieumnh1MrM5F3D65Tg,CONQUEROR LOBBY | CLASSIC RUSH GAMES : BGMI WITH REGALTOS,2026-06-04T09:37:47Z
h_swWDMqRuk,UCwFRGieumnh1MrM5F3D65Tg,CONQUEROR LOBBY | CLASSIC RUSH GAMES : BGMI WITH REGALTOS,2026-06-03T10:43:20Z
f7P1ZvyUu1s,UCwFRGieumnh1MrM5F3D65Tg,BUSINESS TOUR NOW | BGMI DONE | REGALTOS IS LIVE,2026-06-01T22:30:57Z
pOxmSaZ0Da4,UCwFRGieumnh1MrM5F3D65Tg,S8UL 5V5 NOW | AMONG US DONE | REGALTOS IS LIVE,2026-05-30T19:27:33Z
GnhBCd9tLt4,UCwFRGieumnh1MrM5F3D65Tg,7 YEARS OF STREAMING COMPLETED | ULTIMATE SET OPENING + CONQUEROR LOBBY | BGMI LIVE,2026-05-28T07:42:28Z
xuzi5OKlSJw,UCwFRGieumnh1MrM5F3D65Tg,NEW UPDATE : NEW EVENT | CLASSIC RUSH GAMES | BGMI WITH REGALTOS,2026-05-26T19:28:48Z
Kg1raQh-tjg,UCwFRGieumnh1MrM5F3D65Tg,NEW UPDATE : NEW EVENT | FORD CRATE OPENING | BGMI WITH REGALTOS,2026-05-24T19:18:10Z
8FK6qjb2StM,UCwFRGieumnh1MrM5F3D65Tg,SouL Players Driving My BMW Car | First Time Experiencing Sports Mode 💀,2026-05-23T10:11:47Z
3zJ2R4ktUsM,UCwFRGieumnh1MrM5F3D65Tg,BUSINESS TOUR NOW | BGMI NEW UPDATE DONE | REGALTOS IS LIVE,2026-05-20T20:37:59Z
PIo31n6ZCzI,UCwFRGieumnh1MrM5F3D65Tg,PADDLE PADDLE NOW | BGMI+BUISNESS TOUR DONE | REGALTOS IS LIVE,2026-05-17T21:38:04Z
kyqG5EVwPac,UCwFRGieumnh1MrM5F3D65Tg,They Reacted To My BMW Car 💀 | ULTIMATE CAR VLOG,2026-05-16T09:15:34Z
xRX_0gq2MRY,UCwFRGieumnh1MrM5F3D65Tg,PADDLE PADDLE NOW | BGMI DONE | REGALTOS IS LIVE,2026-05-12T19:41:11Z
vB5ia9FzQQE,UCwFRGieumnh1MrM5F3D65Tg,BUSINESS TOUR NOW | BGMI DONE | REGALTOS IS LIVE,2026-05-11T21:04:48Z
z9IaviabWk8,UCwFRGieumnh1MrM5F3D65Tg,BGMI 1 VS 3 WITH AKM | REGALTOS #regaltosislive #bgmi,2026-05-11T14:50:38Z
9DCMx6WIGtk,UCwFRGieumnh1MrM5F3D65Tg,PADDLE PADDLE NOW | BGMI DONE | REGALTOS IS LIVE,2026-05-10T20:27:45Z
3wQz9Uny4x4,UCwFRGieumnh1MrM5F3D65Tg,PADDLE PADDLE NOW | BGMI DONE | REGALTOS IS LIVE,2026-05-09T21:05:43Z
Vs8ZgpuJUS4,UCwFRGieumnh1MrM5F3D65Tg,CLASSIC RUSH GAMES | ONLY RUSH GAMEPLAY | BGMI LIVE WITH REGALTOS,2026-05-08T20:06:18Z
vGjg5KrpFRE,UCwFRGieumnh1MrM5F3D65Tg,PUBG PC TIMEEE | BGMI DONE | REGALTOS IS LIVE,2026-05-07T19:54:49Z
-_HBHnaWrOM,UCwFRGieumnh1MrM5F3D65Tg,5 CHICKEN  DINNER STREAK CHALLENGE | BGMI LIVE WITH REGALTOS,2026-05-02T18:19:48Z
iamwaQcqGpw,UCwFRGieumnh1MrM5F3D65Tg,CLASSIC RUSH GAMES | CHALLENGE STREAM | BGMI LIVE WITH REGALTOS,2026-05-01T20:15:29Z
MB1L8GRLWL8,UCwFRGieumnh1MrM5F3D65Tg,CLASSIC RUSH GAMES | 3 CHICKEN CHALLENGE | BGMI LIVE WITH REGALTOS,2026-04-30T20:24:57Z
3ntQWnvt1S0,UCwFRGieumnh1MrM5F3D65Tg,CLASSIC RUSH GAMES | 3 CHICKEN CHALLENGE | BGMI LIVE WITH REGALTOS,2026-04-29T20:19:07Z
DLEWUetQXj4,UCwFRGieumnh1MrM5F3D65Tg,FULL RUSH GAMEPLAY | 100 FINISHES CHALLENGE | LIVE WITH REGALTOS,2026-04-28T21:00:07Z
JZ5_RRi-VkY,UCwFRGieumnh1MrM5F3D65Tg,100 FINISHES CHALLENGE IN BGMI | LIVE WITH REGALTOS,2026-04-27T21:15:20Z
YoVf4GzFers,UCwFRGieumnh1MrM5F3D65Tg,CLASSIC RUSH GAMES : BGMI RUSH GAMEPLAY ONLY,2026-04-26T20:37:58Z
otG8u1RXX_Q,UCwFRGieumnh1MrM5F3D65Tg,NEW DRESS : MULTIVERSE DETECTIVE GOLD SPIN | BGMI LIVE WITH REGALTOS,2026-04-25T18:02:13Z
Rq4X1DH-6dA,UCwFRGieumnh1MrM5F3D65Tg,Jo bolte hai  vo Hojata  hai got real 🤣,2026-04-15T08:43:41Z
6pd1NEmVbMI,UCwFRGieumnh1MrM5F3D65Tg,3 BACK TO BACK CHICKEN CHALLENGE : BGMI LIVE STREAM,2026-04-09T21:46:58Z
fQkPjLB9Wcc,UCwFRGieumnh1MrM5F3D65Tg,NEW EVENT IS HERE : 5 BACK TO BACK CHICKEN CHALLENGE | BGMI LIVE STREAM,2026-04-08T21:10:11Z
i6U6z6oYvcs,UCwFRGieumnh1MrM5F3D65Tg,150 FINISHES CHALLENGE IN BGMI : LIVE STREAM,2026-04-06T20:16:45Z
q-MWtdoeZMo,UCwFRGieumnh1MrM5F3D65Tg,100 FINISHES CHALLENGE IN BGMI : LIVE STREAM,2026-04-05T21:32:57Z
-JEDbCUrrAo,UCwFRGieumnh1MrM5F3D65Tg,CLASSIC RUSH GAMES |BGMI LIVE STREAM : REGALTOS,2026-04-04T21:09:05Z
tixFZ431RhQ,UCwFRGieumnh1MrM5F3D65Tg,BGMI DONE | GTA ROLEPLAY NOW | REGALTOS IS LIVE,2026-04-03T20:57:38Z
9-vi_jiV1Jk,UCwFRGieumnh1MrM5F3D65Tg,BGMI CLASSIC RUSH GAMES | REGALTOS IS LIVE,2026-04-02T19:59:14Z
ejYd38YdiDQ,UCwFRGieumnh1MrM5F3D65Tg,VALORANT WITH S8UL | 5 MAN RANK PUSH | REGALTOS IS LIVE,2026-04-01T18:21:18Z
0vrF1d7tyqM,UCwFRGieumnh1MrM5F3D65Tg,BGMI DONE | VALORANT NOW : SERIOUS RANK PUSH,2026-03-27T20:12:06Z
7cVItz4NV10,UCwFRGieumnh1MrM5F3D65Tg,PLAYING ENSHROUDED | VALORANT DONE,2026-03-13T19:55:30Z
GdgCZ3Tq-wM,UCwFRGieumnh1MrM5F3D65Tg,NEW HOUSE UPDATE !,2026-02-24T08:12:42Z
5rxJHWLyC80,UCwFRGieumnh1MrM5F3D65Tg,PLAYING RV WE THERE YET | S8UL GROUP GAMES DONE | REGALTOS IS LIVE,2026-02-21T21:42:26Z
aBHb5FyJphs,UCwFRGieumnh1MrM5F3D65Tg,VALORANT NOW | RV THERE YET DONE | BGMI M416 CRATE OPENING DONE | REGALTOS IS LIVE,2026-02-20T20:52:05Z
iGWHr0sysKM,UCwFRGieumnh1MrM5F3D65Tg,bike chori 🤣🤣 #funny #funnyvideo #funnyshorts,2026-02-13T18:00:54Z
NvW8Njx0cPc,UCwFRGieumnh1MrM5F3D65Tg,PLAYING SCRIMS | BGMI FULL RUSH GAMEPLAY | REGALTOS IS LIVE,2026-01-31T18:40:05Z
5FJ-o_7XWAI,UCwFRGieumnh1MrM5F3D65Tg,PLAYING SCRIMS | BGMI GRIND | LIVE WITH REGALTOS #iQOO #iQOO15R,2026-01-28T19:28:00Z
FZQr962X-Y0,UCwFRGieumnh1MrM5F3D65Tg,NEW ULTIMATE SET CRATE OPENING ON 12K LIKES | BGMI FULL RUSH GAMEPLAY REGALTOS IS LIVE,2026-01-27T17:23:48Z
hhjMXa1Qr4E,UCwFRGieumnh1MrM5F3D65Tg,PLAYING SCRIMS NOW | ROAD TO CONQUEROR |BGMI RUSH GAMEPLAY | REGALTOS IS LIVE,2026-01-26T19:17:04Z
6Z4wme7K3DE,UCwFRGieumnh1MrM5F3D65Tg,ROAD TO CONQUEROR | 12 LACS CHALLENGE | REGALTOS IS LIVE (DAY 8),2026-01-25T17:46:34Z
2a6J8vuP2XU,UCwFRGieumnh1MrM5F3D65Tg,ROAD TO CONQUEROR | 12 LACS CHALLENGE | REGALTOS IS LIVE (DAY 7),2026-01-24T20:24:52Z
nOcc_Zgf2Ok,UCwFRGieumnh1MrM5F3D65Tg,ROAD TO CONQUEROR | 12 LACS CHALLENGE | REGALTOS IS LIVE (DAY 6),2026-01-23T21:08:01Z
njgLAnhme8g,UCwFRGieumnh1MrM5F3D65Tg,ROAD TO CONQUEROR | 12 LACS CHALLENGE | REGALTOS IS LIVE (DAY 5),2026-01-22T21:40:21Z
pma0exy9geQ,UCwFRGieumnh1MrM5F3D65Tg,ROAD TO CONQUEROR | 12 LACS CHALLENGE | REGALTOS IS LIVE (DAY 4),2026-01-22T03:19:41Z
zrcX2L_7O-g,UCwFRGieumnh1MrM5F3D65Tg,ROAD TO CONQUEROR | 12 LACS CHALLENGE | REGALTOS IS LIVE (DAY 3),2026-01-20T21:08:08Z
mMZfNiEYA4I,UCwFRGieumnh1MrM5F3D65Tg,ROAD TO CONQUEROR | 12 LACS CHALLENGE | REGALTOS IS LIVE (DAY 2),2026-01-19T21:06:36Z
jf5XJFR-RWY,UCwFRGieumnh1MrM5F3D65Tg,ROAD TO CONQUEROR | 12 LACS CHALLENGE | REGALTOS IS LIVE (DAY 1),2026-01-18T21:22:33Z
koHUwcBkC4w,UCwFRGieumnh1MrM5F3D65Tg,PLAYING SCRIMS | BGMI FULL RUSH GAMEPLAY | REGALTOS IS LIVE,2026-01-16T19:39:16Z
_rYCnj5SAZg,UCwFRGieumnh1MrM5F3D65Tg,NEW UPDATE : NEW EVENT IS HERE | BGMI FULL RUSH GAMEPLAY| REGALTOS IS LIVE,2026-01-15T20:44:15Z
r3WKF2g2Gbo,UCwFRGieumnh1MrM5F3D65Tg,BGMI FULL RUSH GAMEPLAY |REGALTOS IS LIVE,2026-01-13T19:30:19Z
NNBeHrug0Uw,UCwFRGieumnh1MrM5F3D65Tg,"RS. 1,00,000 CHALLENGE IN BGMI | REGALTOS IS LIVE",2026-01-11T18:45:16Z
tU2f4MpqA_A,UCwFRGieumnh1MrM5F3D65Tg,"RS. 1,00,000 CHALLENGE IN BGMI | REGALTOS IS LIVE",2026-01-10T20:09:46Z
zO7K87ij8Z0,UCwFRGieumnh1MrM5F3D65Tg,Palworld now | BGMI Done | REGALTOS IS LIVE,2026-01-08T21:09:28Z
q2wXp_cX1WA,UCwFRGieumnh1MrM5F3D65Tg,BGMI FULL RUSH GAMEPLAY |REGALTOS IS LIVE,2026-01-07T19:19:17Z
F0hxmQYOSws,UCwFRGieumnh1MrM5F3D65Tg,MY MOST INTENSE BGMI MATCH| HIGHLIGHTS,2026-01-07T05:00:24Z
BvAFAEo_gc4,UCwFRGieumnh1MrM5F3D65Tg,BGMI FULL RUSH GAMEPLAY |REGALTOS IS LIVE,2026-01-06T19:09:36Z
qmr3efdEOSI,UCwFRGieumnh1MrM5F3D65Tg,"2,00,000 RS CHALLENGE | CHICKEN DINNER HIGH KILLS GAMEPLAY| REGALTOS IS LIVE",2026-01-05T20:52:00Z
dKEz0d7QAGI,UCwFRGieumnh1MrM5F3D65Tg,BGMI FULL RUSH GAMEPLAY | REGALTOS IS LIVE,2026-01-02T21:09:00Z
9fX7LODKrXg,UCwFRGieumnh1MrM5F3D65Tg,LETS GO I AM BACK  | BGMI LIVE: ROAD TO 3 MILLION,2026-01-02T09:38:05Z
cNBinHDdkFI,UCwFRGieumnh1MrM5F3D65Tg,NEW ULTIMATE SET CRATE OPENING | BGMI FULL RUSH GAMEPLAY| HAPPY NEW YEAR,2026-01-01T19:05:12Z
0c3M_cwECVU,UCwFRGieumnh1MrM5F3D65Tg,BGMI FULL RUSH GAMEPLAY| REGALTOS IS LIVE,2025-12-31T19:58:02Z
ChcuSzdILXQ,UCwFRGieumnh1MrM5F3D65Tg,"I MADE 2,00,000 RS BY COMPLETING THIS CHALLENGE| *BIGGEST CHALLENGE*",2025-12-31T05:00:16Z
VxYu5EC-Y6c,UCwFRGieumnh1MrM5F3D65Tg,BGMI FULL RUSH GAMEPLAY| REGALTOS IS LIVE,2025-12-30T20:57:20Z
maT_o_QwfTo,UCwFRGieumnh1MrM5F3D65Tg,"2,00,000 RS CHALLENGE | CHICKEN DINNER HIGH KILLS GAMEPLAY| REGALTOS IS LIVE",2025-12-29T20:25:23Z
Zq6OBTyFvVY,UCwFRGieumnh1MrM5F3D65Tg,BGMI FULL RUSH GAMEPLAY| REGALTOS IS LIVE,2025-12-28T22:08:53Z
o5F-UXt6Pmw,UCwFRGieumnh1MrM5F3D65Tg,BGMI LIVE WITH REGALTOS | CHICKEN DINNER STREAK CONTINUES,2025-12-26T19:56:12Z
xwjiSZk9X1E,UCwFRGieumnh1MrM5F3D65Tg,AKM + M249 SQUAD | 4 MINIMUM CHICKEN DINNER TODAY| REGALTOS IS LIVE,2025-12-25T19:35:51Z
-f3ojOz4ad4,UCwFRGieumnh1MrM5F3D65Tg,BGMI LIVE WITH REGALTOS | CHICKEN DINNER STREAK CONTINUES,2025-12-24T20:13:03Z
JXa_lqJOAlQ,UCwFRGieumnh1MrM5F3D65Tg,BGMI LIVE WITH REGALTOS | CHICKEN DINNER STREAK CONTINUES,2025-12-23T19:24:06Z
tmF-hbtApiM,UCwFRGieumnh1MrM5F3D65Tg,BGMI LIVE WITH REGALTOS | CHICKEN DINNER STREAK CONTINUES,2025-12-22T20:07:31Z
K54kcu0Viw8,UCwFRGieumnh1MrM5F3D65Tg,BGMI LIVE WITH REGALTOS | CHICKEN DINNER STREAK CONTINUES,2025-12-21T21:01:24Z
m14HJMSNX84,UCwFRGieumnh1MrM5F3D65Tg,BGMI LIVE WITH REGALTOS | CHICKEN DINNER STREAK CONTINUES,2025-12-17T19:07:51Z
cS7CcAW3Mkw,UCwFRGieumnh1MrM5F3D65Tg,VALORANT LIVE | BGMI DONE | REGALTOS IS LIVE,2025-12-16T19:44:44Z
r8-3Ao_GBn0,UCwFRGieumnh1MrM5F3D65Tg,BGMI WITH REGALTOS | CLASSIC RUSH GAMES : CHICKEN DINNER,2025-12-15T21:29:35Z
Bj0wNjRuKuk,UCwFRGieumnh1MrM5F3D65Tg,BIRTHDAY STREAM ❤️ STRAIGHT FROM PAHAD 🏔️,2025-12-11T19:11:28Z
CUJ4RZKsfrs,UCwFRGieumnh1MrM5F3D65Tg,"1,00,000 UC PORSCHE LUCKY SPIN",2025-12-08T05:57:23Z
wgcNrC6GA0E,UCwFRGieumnh1MrM5F3D65Tg,BGMI WITH JHUK AND RUK | CLASSIC RUSH GAMES : CHICKEN DINNER | REGALTOS IS LIVE,2025-12-07T19:55:31Z
6n__1z9LsUU,UCwFRGieumnh1MrM5F3D65Tg,PORSCHE SPEED DRIFT CRATE OPENING | BGMI CLASSIC RUSH GAMES,2025-12-05T20:03:23Z
-4sn9G8XwNU,UCwFRGieumnh1MrM5F3D65Tg,GC LEAGUE  WATCHPARTY : GROUP STAGES | GROUP RED DAY 3,2025-12-04T16:31:03Z
EFbASYt-bbg,UCwFRGieumnh1MrM5F3D65Tg,GC LEAGUE  WATCHPARTY : GROUP STAGES | GROUP RED DAY 2,2025-12-03T15:44:25Z
woKdDaXnubY,UCwFRGieumnh1MrM5F3D65Tg,GC LEAGUE  WATCHPARTY : GROUP STAGES | GROUP RED DAY 1,2025-12-02T15:44:26Z
__Kq75hZGPA,UCwFRGieumnh1MrM5F3D65Tg,THIS VIDEO WILL TAKE YOU BACK IN 2020 OLD MEMORIES,2025-12-01T13:25:57Z
4QumcN025pU,UCwFRGieumnh1MrM5F3D65Tg,The Final Showdown |JioBLAST ALL STARS VS INDIA powered by @CampaEnergyOfficial | DAY 02 @snaxgaming,2025-11-30T13:08:53Z
p-OUUu6W6mg,UCwFRGieumnh1MrM5F3D65Tg,GROUP STAGES WATCHPARTY DAY 2 | REGALTOS IS LIVE,2025-11-29T14:53:17Z
EbgyYptfR14,UCwFRGieumnh1MrM5F3D65Tg,LIVE: Global Championship Watch Party with Soul Regaltos 🔥 AND @8bitGoldygg  GROUP STAGES,2025-11-28T15:43:44Z
lUgNZuoHqto,UCwFRGieumnh1MrM5F3D65Tg,NEW SEASON | RANK PUSH : BGMI,2025-11-27T19:22:07Z
EyxZvnZSMgE,UCwFRGieumnh1MrM5F3D65Tg,LIVE: Global Championship Watch Party with Soul Regaltos 🔥 | DAY 3,2025-11-26T15:34:16Z
xFV0fG5rETg,UCwFRGieumnh1MrM5F3D65Tg,LIVE: GLOBAL CHAMPIONSHIP WITH REGALTOS | DAY 2,2025-11-25T16:14:40Z
labbNaAac24,UCwFRGieumnh1MrM5F3D65Tg,LIVE: Global Championship Watch Party with Soul Regaltos 🔥 | DAY 1,2025-11-24T16:19:51Z
ud298cGLZQ0,UCwFRGieumnh1MrM5F3D65Tg,BGMI DONE | Left 4 Dead 2 Now | REGALTOS IS LIVE,2025-11-23T19:50:41Z
8qrLeIZhcWs,UCwFRGieumnh1MrM5F3D65Tg,NEW SEASON | RANK PUSH : BGMI,2025-11-22T17:54:40Z
P4GelUQ-06M,UCwFRGieumnh1MrM5F3D65Tg,NEW SEASON | RANK PUSH : BGMI,2025-11-21T17:28:17Z
e4V8hzpsFoY,UCwFRGieumnh1MrM5F3D65Tg,NEW SEASON | RANK PUSH : BGMI,2025-11-20T19:15:04Z
-r5k15dnduw,UCwFRGieumnh1MrM5F3D65Tg,NEW SEASON | RANK PUSH : BGMI,2025-11-19T20:09:57Z
EMcaS0mbNqw,UCwFRGieumnh1MrM5F3D65Tg,NEW SEASON | RANK PUSH : BGMI,2025-11-18T18:17:17Z
IHaPPMTPVoY,UCwFRGieumnh1MrM5F3D65Tg,BGMI Done | Defeating Ender Dragon in Minecraft Now | REGALTOS IS LIVE,2025-11-17T20:20:58Z
Xc7JzpiVvbY,UCwFRGieumnh1MrM5F3D65Tg,Battlefield 6 Now | Valorant 5v5 with S8UL Done | REGALTOS IS LIVE,2025-11-16T19:37:38Z
VslpnCn1wcA,UCwFRGieumnh1MrM5F3D65Tg,MINECRAFT NOW | BGMI NEW EVENT DONE,2025-11-15T23:00:28Z
9lXnTeps9I8,UCwFRGieumnh1MrM5F3D65Tg,FINALLY NARDO GREY ON MY BMW 🩶,2025-11-09T06:21:09Z
YPPstTXx6o0,UCwFRGieumnh1MrM5F3D65Tg,MINECRAFT : WITHER TO GAYA | REGA THE BUILDER,2025-11-06T19:41:07Z
c5EXx75pHtc,UCwFRGieumnh1MrM5F3D65Tg,NEW CRATE HONOR SET OPENING | BGMI : LIVE WITH REGALTOS,2025-11-04T15:25:59Z
WpYTJLV8GTo,UCwFRGieumnh1MrM5F3D65Tg,NEW HOUSE UPDATE AND BMW MODIFICATION VLOG,2025-11-02T05:58:41Z
-6MwdT1p1Kw,UCwFRGieumnh1MrM5F3D65Tg,HAPPY DIWALI | REGA THE BUILDER | MINECRAFT ME BANAYEGE GHAR AND FARM,2025-10-21T00:50:59Z
I32-7W0ldEg,UCwFRGieumnh1MrM5F3D65Tg,I GOT MY NEW CAR - THAR ROXX 🔥,2025-10-20T04:00:30Z
hhcFMJxbth4,UCwFRGieumnh1MrM5F3D65Tg,REGA : THE BUILDER | IRON FARM OR EXPLORING | HAPPY DHANTERAS SABKO,2025-10-18T20:09:36Z
ybai1gxJAE0,UCwFRGieumnh1MrM5F3D65Tg,Booked My New Car,2025-10-17T06:35:03Z
PkmSkgjbUlA,UCwFRGieumnh1MrM5F3D65Tg,MINECRAFT ME BANAYEGE GHAR AND FARM,2025-10-15T19:30:44Z
wO-2TCh8zNE,UCwFRGieumnh1MrM5F3D65Tg,DISCORD TALENT SHOW | REGALTOS IS LIVE,2025-10-12T18:57:50Z
u3zjFylddBE,UCwFRGieumnh1MrM5F3D65Tg,BGMI CRATE OPENING +GTA V RACES + S8UL VALORANT 5 VS 5 | REGALTOS IS LIVE : FUN GAMES,2025-10-11T19:35:23Z
Smdvf2JwywQ,UCwFRGieumnh1MrM5F3D65Tg,FOOD INSPECTION AT REGA DA DHABHA 😨 ?,2025-10-05T17:21:44Z
CzXH7HEZXXw,UCwFRGieumnh1MrM5F3D65Tg,ONLY FAMILY FRIENDLY FROM TODAY | CLASSIC RUSH GAMES | REGALTOS IS LIVE | BATTLEGROUNDMOBILE INDIA,2025-09-24T16:19:50Z
-ZcI1KIwzIA,UCwFRGieumnh1MrM5F3D65Tg,REGALTOS DISCORD TALENT SHOW,2025-09-23T15:30:06Z
UDpx6dkd23Q,UCwFRGieumnh1MrM5F3D65Tg,DISCORD TALENT SHOW | BGMI DONE | REGALTOS IS LIVE !discord,2025-09-21T22:17:32Z
VekfCgkZZXM,UCwFRGieumnh1MrM5F3D65Tg,MASOOM IN THE CITY | GROUP GAMES DONE | REGALTOS IS LIVE,2025-09-20T17:07:09Z
jkCgz6G78I0,UCwFRGieumnh1MrM5F3D65Tg,EPISODE 1 - DHABHE KA PEHLA DIN FT. AMITABH BACHPAN JI AND LEKHA JI,2025-09-20T06:00:06Z
pphhUw-gqks,UCwFRGieumnh1MrM5F3D65Tg,I BOUGHT THE NEW IPHONE 17 PRO MAX 🔥,2025-09-19T05:00:31Z
ApTsw6gZmGA,UCwFRGieumnh1MrM5F3D65Tg,NEW SEASON IS HERE | RANK PUSH BEGINS : ROAD TO CONQUEROR| REGALTOS,2025-09-18T18:40:17Z
3hMRgkcXuBA,UCwFRGieumnh1MrM5F3D65Tg,NEW UPDATE | NEW EVENT - BGMI WITH S8UL | REGALTOS,2025-09-17T18:38:11Z
QIpnFFB7wu8,UCwFRGieumnh1MrM5F3D65Tg,OPENING OF REGA DA DHABHA,2025-09-16T17:38:15Z
tg4848nvZJ0,UCwFRGieumnh1MrM5F3D65Tg,INTRODUCING REGA DA DHABHA 😍,2025-09-16T05:19:22Z
4_NNxsOxAXg,UCwFRGieumnh1MrM5F3D65Tg,NEW UPDATE | NEW EVENT - BGMI WITH S8UL | REGALTOS 🎀,2025-09-12T17:50:03Z
nm__JHUoJMs,UCwFRGieumnh1MrM5F3D65Tg,NEW UPDATE : NEW EVENT IN BGMI | REGALTOS IS LIVE,2025-09-11T17:54:26Z
C9VNuBrVRl8,UCwFRGieumnh1MrM5F3D65Tg,REGA DA DHABA : EPISODE 1 | LITTI CHOKHA 😋,2025-09-10T13:14:14Z
U7X9fbc3tNU,UCwFRGieumnh1MrM5F3D65Tg,VALORANT NOW | BGMI DONE | REGALTOS IS LIVE,2025-09-09T21:31:58Z
pcHy_Zz2h7A,UCwFRGieumnh1MrM5F3D65Tg,REGA DA DHABA ME SWAGAT HAI,2025-09-08T17:52:53Z
r12ukbGYLd0,UCwFRGieumnh1MrM5F3D65Tg,VALORANT NOW | BGMI DONE | REGALTOS IS LIVE,2025-09-06T20:57:52Z
3nhlUzIiIEM,UCwFRGieumnh1MrM5F3D65Tg,PLAYING SCRIMS | BGMI WITH REGALTOS,2025-09-04T18:25:51Z
4nfJYJv3LDQ,UCwFRGieumnh1MrM5F3D65Tg,PLAYING SCRIMS | BGMI WITH REGALTOS,2025-09-03T17:55:31Z
U3EMkh_wya8,UCwFRGieumnh1MrM5F3D65Tg,RAFT NOW | BGMI DONE : REGALTOS IS LIVE,2025-09-02T20:40:00Z
60RGwxngKwM,UCwFRGieumnh1MrM5F3D65Tg,NEW CARS TODAY | EMPIRE IMPORTS : GTA V ROLEPLAY | MASOOM SHAYAR IN THE CITY,2025-09-01T22:03:04Z
ctMfyphSbWA,UCwFRGieumnh1MrM5F3D65Tg,BGMI CLASSIC RUSH GAMES WITH BOT SQUAD | REGALTOS IS LIVE | BGMI,2025-08-30T12:03:08Z
lT-oSwmq2Uo,UCwFRGieumnh1MrM5F3D65Tg,RAFT NOW | REGALTOS IS LIVE,2025-08-29T19:55:57Z
I8SBExww7cc,UCwFRGieumnh1MrM5F3D65Tg,GTA V : ROLEPLAY | MASOOM IN THE CITY,2025-08-29T14:59:27Z
Cf345dG26Zc,UCwFRGieumnh1MrM5F3D65Tg,LIVE : BGMI WITH REGALTOS | CRATE OPENING | CLASSIC RUSH GAMES,2025-08-28T09:54:44Z
hH7O5xRSCfg,UCwFRGieumnh1MrM5F3D65Tg,RAFT NOW : I AM LIVE,2025-08-27T03:23:47Z
oRkExh4Q31U,UCwFRGieumnh1MrM5F3D65Tg,RIYADH TO DELHI ✈️ UNBOXING MY NEW PS5 PRO | Vlog 4 🔥,2025-08-17T09:30:42Z
lwJT7tZzcYo,UCwFRGieumnh1MrM5F3D65Tg,I BOUGHT PS5 PRO 😍 IN RIYADH | Vlog 3 🔥,2025-08-16T04:58:16Z
6Ak3z5jOn5g,UCwFRGieumnh1MrM5F3D65Tg,SCARIEST HAUNTED HOUSE EXPERIENCE AT EWC 😱 - Vlog 2,2025-08-15T06:40:34Z
Xh2UWBVdKA0,UCwFRGieumnh1MrM5F3D65Tg,MY FIRST DAY IN RIYADH - EXPLORING AND FUN | Vlog 1 🔥,2025-08-14T07:01:13Z
3K8m2PhgCNA,UCwFRGieumnh1MrM5F3D65Tg,X - SUIT CRATE OPENING | BGMI NEW CRATES | REGALTOS IS LIVE,2025-08-09T17:01:31Z
BnomdzVRsqs,UCwFRGieumnh1MrM5F3D65Tg,TOP 100 RANK TODAY ? | BGMI NEW SEASON RANK PUSH | REGALTOS IS LIVE,2025-08-02T20:09:26Z
9T3f3bnmnLo,UCwFRGieumnh1MrM5F3D65Tg,DAY 13- RANK PUSH TO CONQUEROR | ONLY AKM AND M416 TODAY | BGMI WITH REGALTOS | RANK - 197,2025-07-31T19:48:39Z
-CLh2ZlLnIY,UCwFRGieumnh1MrM5F3D65Tg,DAY 12- RANK PUSH TO CONQUEROR | ONLY AKM AND M416 TODAY | BGMI WITH REGALTOS | RANK -TOP 234,2025-07-30T20:31:44Z
O36OH-qy-zw,UCwFRGieumnh1MrM5F3D65Tg,DAY 11-  RANK PUSH TO CONQUEROR | ONLY AKM AND M416 TODAY | BGMI WITH REGALTOS | RANK - 369,2025-07-29T20:03:57Z
RP8LwL4Ka-E,UCwFRGieumnh1MrM5F3D65Tg,DAY 9-  RANK PUSH TO CONQUEROR | ONLY AKM AND M416 TODAY | BGMI WITH REGALTOS | RANK - 1030,2025-07-27T20:13:32Z
6ae2onKfEVc,UCwFRGieumnh1MrM5F3D65Tg,DAY 8-  RANK PUSH TO CONQUEROR | ONLY AKM AND M416 TODAY | BGMI WITH REGALTOS | RANK - 2145,2025-07-26T20:29:34Z
vnU3awbVCqc,UCwFRGieumnh1MrM5F3D65Tg,DAY 7-  RANK PUSH TO CONQUEROR | BGMI WITH REGALTOS | RANK - 2145,2025-07-25T23:31:39Z
dqzvBmAXwjo,UCwFRGieumnh1MrM5F3D65Tg,DAY 6 -  RANK PUSH TO CONQUEROR | BGMI WITH REGALTOS | RANK - 2145,2025-07-24T18:19:49Z
jXYfD-AgDF4,UCwFRGieumnh1MrM5F3D65Tg,DAY 5 -  RANK PUSH TO CONQUEROR | BGMI WITH REGALTOS,2025-07-23T21:56:58Z
9ey9bv0F5F4,UCwFRGieumnh1MrM5F3D65Tg,DAY 4 -  RANK PUSH TO CONQUEROR | BGMI WITH REGALTOS,2025-07-22T19:38:48Z
-sGsUTaUet8,UCwFRGieumnh1MrM5F3D65Tg,DAY 2 -  RANK PUSH TO CONQUEROR | BGMI WITH REGALTOS,2025-07-20T17:30:05Z
0idiv5_YzUs,UCwFRGieumnh1MrM5F3D65Tg,NEW SEASON : RANK PUSH STREAMS BEGINS | BGMI WITH REGALTOS,2025-07-19T20:54:35Z
YzaGtP7r890,UCwFRGieumnh1MrM5F3D65Tg,CRATE OPENING DONE : BGMI NEW UPDATE | GTA V NOW | REGALTOS IS LIVE,2025-07-18T18:52:12Z
CTWJ_sUOXjk,UCwFRGieumnh1MrM5F3D65Tg,GTA V - STORYLINE | BGMI DONE | REGALTOS IS LIVE,2025-07-16T18:08:30Z
0vJaOK-MFa0,UCwFRGieumnh1MrM5F3D65Tg,VALORANT NOW | GTA DONE : REGALTOS IS LIVE,2025-07-06T21:59:37Z
B-ApPZdoreI,UCwFRGieumnh1MrM5F3D65Tg,S8UL 5 VS 5 VALORANT | GROUP GAMES | REGALTOS IS LIVE,2025-07-05T18:22:22Z
ElUwcBq3xaE,UCwFRGieumnh1MrM5F3D65Tg,MASOOM IN THE CITY | GTA V ROLEPLAY | REGALTOS IS LIVE,2025-06-29T18:31:00Z
Q1rtHAL9ffE,UCwFRGieumnh1MrM5F3D65Tg,SPECTRAL SET CRATE OPENING | CLASSIC RUSH GAMES | REGALTOS IS LIVE,2025-06-28T17:09:24Z
yNFum1NCBdQ,UCwFRGieumnh1MrM5F3D65Tg,GTA V : ROLEPLAY | MASOOM IN THE CITY | REGALTOS IS LIVE,2025-06-27T18:40:09Z
gdfTQT_6boM,UCwFRGieumnh1MrM5F3D65Tg,VALORANT NOW | BGMI DONE | REGALTOS IS LIVE,2025-06-26T18:18:08Z
Z9_Pa_lxS5E,UCwFRGieumnh1MrM5F3D65Tg,STORYLINE - WHO IS MASOOM ? | GTA V ROLEPLAY,2025-06-25T18:10:29Z
56FuU5KV1UM,UCwFRGieumnh1MrM5F3D65Tg,THE NEW HEIST | GTA V ROLEPLAY WITH MASOOM | REGALTOS IS LIVE,2025-06-24T18:55:14Z
_-vCb-k-Z98,UCwFRGieumnh1MrM5F3D65Tg,NEW VALORANT MAP EARLY ACCESS | S8UL 5 VS 5 | REGALTOS IS LIVE,2025-06-23T19:20:18Z
om0Rhy0-Ho8,UCwFRGieumnh1MrM5F3D65Tg,VALORANT NOW | GTA DONE | REGALTOS IS LIVE,2025-06-21T21:48:13Z
zCeVCbCUD3I,UCwFRGieumnh1MrM5F3D65Tg,PLAYING VALORANT |ROAD TO 10K MEMBERS | REGALTOS IS LIVE !join,2025-06-19T18:52:32Z
0gWBYMYWbz4,UCwFRGieumnh1MrM5F3D65Tg,I AM LIVE,2025-06-17T11:45:21Z
d3yVOI7RUmg,UCwFRGieumnh1MrM5F3D65Tg,LIVE : BGMI WITH REGALTOS | CLASSIC RUSH GAMES,2025-06-13T17:53:52Z
SFCiAR_m9as,UCwFRGieumnh1MrM5F3D65Tg,VALORANT RANK | SERIOUS GAMEPLAY | REGALTOS IS LIVE,2025-06-11T08:41:57Z
3gg3x8BsGbk,UCwFRGieumnh1MrM5F3D65Tg,VALORANT RANK PUSH TO IMMORTAL | CHILL RANK PUSH | REGALTOS IS LIVE,2025-06-05T11:55:32Z
iaZBjKsg1UQ,UCwFRGieumnh1MrM5F3D65Tg,VALORANT NOW | BGMI DONE | REGALTOS IS LIVE,2025-06-04T11:47:59Z
ddTqFT1UwVE,UCwFRGieumnh1MrM5F3D65Tg,VALORANT NOW | BGMI DONE | REGALTOS IS LIVE,2025-06-03T11:48:20Z
sPlRJJ-85fk,UCwFRGieumnh1MrM5F3D65Tg,VALORANT NOW | BGMI DONE | REGALTOS IS LIVE !twitch,2025-06-02T09:38:34Z
Uaa7bVfA0xs,UCwFRGieumnh1MrM5F3D65Tg,BGMI : CLASSIC RUSH GAMES WITH RANDOMS | REGALTOS IS LIVE,2025-06-01T08:26:52Z
17WYdmVoT3w,UCwFRGieumnh1MrM5F3D65Tg,VALORANT NOW | BGMI DONE | CHILL STREAM : REGALTOS IS LIVE,2025-05-31T10:55:15Z
LpwmoaWSzKU,UCwFRGieumnh1MrM5F3D65Tg,SHELBY CRATE OPENING | NEW UPDATE : BGMI CLASSIC RUSH GAMES | REGALTOS IS LIVE,2025-05-30T07:44:37Z
ZMWhh6iJE7A,UCwFRGieumnh1MrM5F3D65Tg,My First Ganga Aarti Experience in Haridwar,2025-05-29T05:50:27Z
QoHxhZINPyY,UCwFRGieumnh1MrM5F3D65Tg,VALORANT NOW | BGMI DONE | REGALTOS IS LIVE,2025-05-28T11:04:44Z
UguffknSBDU,UCwFRGieumnh1MrM5F3D65Tg,NEW UPDATE : NEW CRATES ARE HERE | BGMI CLASSIC RUSH GAMES | REGALTOS IS LIVE,2025-05-28T06:31:04Z
muoIkMDaS3U,UCwFRGieumnh1MrM5F3D65Tg,NEW UPDATE : NEW SEASON RANK PUSH | ROAD TO CONQUEROR | REGALTOS IS LIVE,2025-05-19T20:08:48Z
IR-c9KUitKQ,UCwFRGieumnh1MrM5F3D65Tg,NEW UPDATE : NEW SEASON RANK PUSH | ROAD TO CONQUEROR | REGALTOS IS LIVE,2025-05-18T17:38:03Z
9rsEPh2yLxk,UCwFRGieumnh1MrM5F3D65Tg,Delhi to Dehradun Road Trip 🚗,2025-05-15T08:30:35Z
x6uv7XvUEwo,UCwFRGieumnh1MrM5F3D65Tg,I COOKED KADHAI PANEER FOR THEM 😍,2025-05-12T09:12:48Z
XmgyfAcDQFo,UCwFRGieumnh1MrM5F3D65Tg,BUYING MY MOTHER EVERYTHING SHE LIKES 😍 *MOTHERS DAY SPECIAL*,2025-05-11T10:49:49Z
BVZ_L-r0qcQ,UCwFRGieumnh1MrM5F3D65Tg,WE ARE BACKKKKKKK | AMONG US DONE | VALORANT NOW,2025-05-10T18:55:34Z
pgPLAaNrwUg,UCwFRGieumnh1MrM5F3D65Tg,COMPLETING WORLD WAR Z | REGALTOS IS LIVE | CHILL STREAM,2025-05-09T19:00:39Z
xGozlmT7R5A,UCwFRGieumnh1MrM5F3D65Tg,Itne Dino Bad Hume Mile @ketan_k18,2025-05-09T07:35:20Z
wagscrxVvJI,UCwFRGieumnh1MrM5F3D65Tg,Took My BMW Out - The Reactions Were Priceless 😱,2025-05-08T05:30:23Z
27F2EHzVPM0,UCwFRGieumnh1MrM5F3D65Tg,VALORANT ONLY | RANK PUSH TO IMMORTAL | REGALTOS IS LIVE #Gameशुरु,2025-05-07T19:41:39Z
RXfMx9oWM9U,UCwFRGieumnh1MrM5F3D65Tg,The Final Look Of My Modified BMW 🔥,2025-05-07T05:30:23Z
Y5mLs__MkwI,UCwFRGieumnh1MrM5F3D65Tg,My BMW Got a Crazy Makeover - New Wrap + Modifications 😱,2025-05-06T05:30:26Z
oVrPuGThvQE,UCwFRGieumnh1MrM5F3D65Tg,BGMI DONE | VALORANT NOW | REGALTOS IS LIVE,2025-05-04T18:00:03Z
Pbdsd3s2tkc,UCwFRGieumnh1MrM5F3D65Tg,Apni BMW Ko Wrap Karne Ka Time Agya 🔥😼,2025-04-29T05:02:44Z
zFlgFnAN6uE,UCwFRGieumnh1MrM5F3D65Tg,WORLD WAR Z | INSIDE THE BACKROOM DONE | HARD MODE | REGALTOS IS LIVE #Gameशुरु,2025-04-22T20:00:29Z
DiAhrzrFDuQ,UCwFRGieumnh1MrM5F3D65Tg,WORLD WAR Z | HARD MODE | REGALTOS IS LIVE #Gameशुरु,2025-04-21T19:27:15Z
T0iart_C5Uc,UCwFRGieumnh1MrM5F3D65Tg,WORLD WAR Z | VALORANT DONE | REGALTOS IS LIVE,2025-04-20T22:50:50Z
IMLR_ktSqdo,UCwFRGieumnh1MrM5F3D65Tg,INSIDE THE BACKROOM | REGALTOS IS LIVE,2025-04-16T18:13:46Z
G8GqfRf0z9o,UCwFRGieumnh1MrM5F3D65Tg,TRYING NEW GAMES | REGALTOS IS LIVE,2025-04-15T19:23:12Z
xiYedbzxaj4,UCwFRGieumnh1MrM5F3D65Tg,VALORANT ONLY | RANK PUSH TO IMMORTAL  #Gameशुरु,2025-04-13T18:07:46Z
CDl4n7d3wVE,UCwFRGieumnh1MrM5F3D65Tg,GTA V ROLEPLAY | MASOOM SHAYAR IN THE CITY | REGALTOS IS LIVE #Gameशुरु,2025-04-11T16:45:42Z
UQ20eIQhr5s,UCwFRGieumnh1MrM5F3D65Tg,Our Small Collection 🚙❤️,2025-04-11T07:46:12Z
LVBlv3bO9_g,UCwFRGieumnh1MrM5F3D65Tg,BOOM BAAM WITH RANDOMS : BGMI | ROAD TO 3M #Gameशुरु,2025-04-07T15:52:58Z
9n5BOeeUVZ0,UCwFRGieumnh1MrM5F3D65Tg,REGA VS GOLDY BHAI - ULTIMATE CONTROVERSY *exposed*,2025-04-05T04:32:38Z
IWFI9WLUnIE,UCwFRGieumnh1MrM5F3D65Tg,NEW X-SUIT : MAXING IT LIVE | BGMI CONQUEROR LOBBY | REGALTOS IS LIVE #Gameशुरु,2025-04-04T19:37:27Z
mh8qMVK0bSI,UCwFRGieumnh1MrM5F3D65Tg,SURPRISING MY DAD WITH HIS DREAM BIKE,2025-04-02T06:13:26Z
ozUuLobX9hE,UCwFRGieumnh1MrM5F3D65Tg,TOP 100 RANK TODAY : BGMI RANK PUSH | REGALTOS IS LIVE #Gameशुरु,2025-03-31T16:47:20Z
V7FWaOhW4B4,UCwFRGieumnh1MrM5F3D65Tg,NEW AKM CRATE OPENING | TOP 100 RANK TODAY : BGMI RANK PUSH | REGALTOS IS LIVE #Gameशुरु,2025-03-30T16:06:09Z
O4x-Y2vXQPc,UCwFRGieumnh1MrM5F3D65Tg,TOP 500 TODAY | ROAD TO CONQUEROR | NEW SEASON RANK PUSH : BGMI | REGALTOS IS LIVE #Gameशुरु,2025-03-28T20:40:56Z
2FzUuxf4GSA,UCwFRGieumnh1MrM5F3D65Tg,NEW SEASON : RANK PUSH | ROAD TO CONQUEROR BGMI | REGALTOS IS LIVE #Gameशुरु,2025-03-27T19:01:39Z
Copx7cXaPxA,UCwFRGieumnh1MrM5F3D65Tg,NEW SEASON : RANK PUSH | ROAD TO CONQUEROR BGMI | REGALTOS IS LIVE #Gameशुरु,2025-03-26T18:33:09Z
vXappXE8uGw,UCwFRGieumnh1MrM5F3D65Tg,NEW SEASON : RANK PUSH | ROAD TO CONQUEROR BGMI | REGALTOS IS LIVE #Gameशुरु,2025-03-25T17:30:45Z
eGQMPtcJ9co,UCwFRGieumnh1MrM5F3D65Tg,NEW SEASON : RANK PUSH | ROAD TO CONQUEROR BGMI | REGALTOS IS LIVE #Gameशुरु,2025-03-22T19:31:34Z
5dZgmXjlesQ,UCwFRGieumnh1MrM5F3D65Tg,NEW SEASON : RANK PUSH | ROAD TO CONQUEROR BGMI | REGALTOS IS LIVE #Gameशुरु,2025-03-21T22:03:07Z
iVVxu5n6zFU,UCwFRGieumnh1MrM5F3D65Tg,NEW SEASON : RANK PUSH | ROAD TO CONQUEROR BGMI | REGALTOS IS LIVE #Gameशुरु,2025-03-20T20:22:15Z
BV24UCmPFB0,UCwFRGieumnh1MrM5F3D65Tg,NEW SEASON : RANK PUSH | ROAD TO CONQUEROR BGMI | REGALTOS IS LIVE #Gameशुरु,2025-03-19T21:01:11Z
vRcVsKKCgfo,UCwFRGieumnh1MrM5F3D65Tg,I Gifted My Mom Her Favourite Car 😻,2025-03-19T05:30:06Z
9GP7rpakE9k,UCwFRGieumnh1MrM5F3D65Tg,VALORANT NOW | BGMI DONE  : BGMI | REGALTOS IS LIVE #Gameशुरु,2025-03-17T18:57:13Z
iiInoB2oAyU,UCwFRGieumnh1MrM5F3D65Tg,CRATE OPENING AT 20K LIKES | REGALTOS IS LIVE | BGMI,2025-03-16T18:12:56Z
FTzQENf2Qmc,UCwFRGieumnh1MrM5F3D65Tg,VALORANT 5v5 with S8UL | AMONG US DONE | S8UL GAMING NIGHTS : REGALTOS IS LIVE,2025-03-15T19:33:15Z
vOGhpderxFs,UCwFRGieumnh1MrM5F3D65Tg,NEW UPDATE : NEW MAP | BOOM BAAM CLASSICS WITH RANDOMS | REGALTOS IS LIVE,2025-03-13T18:06:18Z
xhEQQgLEjXw,UCwFRGieumnh1MrM5F3D65Tg,VALORANT NOW | BGMI DONE | REGALTOS IS LIVE,2025-03-11T18:17:24Z
86Uspi_s6fQ,UCwFRGieumnh1MrM5F3D65Tg,LIVE : BGMI TDM BATTLE WITH iQOO SouL | REGALTOS IS LIVE,2025-03-07T17:17:16Z
YdSfCg2vZ3I,UCwFRGieumnh1MrM5F3D65Tg,NEW ACT : NEW AGENT | VALORANT RANK PUSH STREAM | REGALTOS IS LIVE,2025-03-06T17:25:31Z
OrScd-JsX1I,UCwFRGieumnh1MrM5F3D65Tg,SERIOUS RANK PUSH WITH RANDOMS | ROAD TO 3 MILLION | REGALTOS IS LIVE | BATTLEGROUNDMOBILEINDIA,2025-03-03T17:06:50Z
zooyoEm-Q8g,UCwFRGieumnh1MrM5F3D65Tg,NEW AGENT EARLY ACCESS | VALORANT : REGALTOS IS LIVE,2025-03-02T19:25:11Z
ICqwS6-gmnw,UCwFRGieumnh1MrM5F3D65Tg,VALORANTNOW | BGMI DONE | REGALTOS IS LIVE : CHILL STREAM,2025-02-28T17:45:54Z
vp9S48FubNA,UCwFRGieumnh1MrM5F3D65Tg,BGMI DONE | FALL GUYS NOW : CHILL STREAM | REGALTOS IS LIVE,2025-02-27T17:31:50Z
2O4oTNjrz04,UCwFRGieumnh1MrM5F3D65Tg,GTA V NOW | VALORANT 5v5 WITH S8UL DONE | CHILL STREAM | REGALTOS IS LIVE,2025-02-24T19:26:42Z
WThHDN6k2vI,UCwFRGieumnh1MrM5F3D65Tg,FRIDAY SUBSCRIBERS CUSTOM ROOMS | BGMI : REGALTOS IS LIVE,2025-02-14T17:02:18Z
Cf96yg1ej_c,UCwFRGieumnh1MrM5F3D65Tg,Liar's Bar with S8UL | Chained Together Completed | REGALTOS IS LIVE,2025-02-13T19:08:08Z
dDNNicAU77M,UCwFRGieumnh1MrM5F3D65Tg,FALL GUYS WITH REGALTOS : CHILL STREAM | ROAD TO 3M,2025-02-11T16:46:41Z
h7C-1RN3rfo,UCwFRGieumnh1MrM5F3D65Tg,"Lenovo Legion Pro 5i, AI Powered PC with Intel®️ Core™️ i9 processor and NVIDIA RTX 4070",2025-02-07T12:15:37Z
s2jy4Zb9jdA,UCwFRGieumnh1MrM5F3D65Tg,Chained Together with S8UL | RP Done | REGALTOS IS LIVE,2025-02-04T20:03:45Z
SUQqPEUP4pM,UCwFRGieumnh1MrM5F3D65Tg,Fall Guys with Subscribers | BGMI Done | REGALTOS IS LIVE,2025-02-03T19:19:19Z
lDdBDi_CAuI,UCwFRGieumnh1MrM5F3D65Tg,BEST CREWMATE ? |Among Us With ReGaLToS | S8UL GAMING NIGHTS,2025-02-01T17:31:45Z
AARgTf8chTk,UCwFRGieumnh1MrM5F3D65Tg,Chained Together with S8UL | BGMI Done | REGALTOS IS LIVE,2025-01-31T20:26:08Z
EOLPn4Dmim4,UCwFRGieumnh1MrM5F3D65Tg,Valorant Now | BGMI Done | REGALTOS IS LIVE,2025-01-30T19:32:56Z
yrkLV2J6zeE,UCwFRGieumnh1MrM5F3D65Tg,Chained Together with S8UL | BGMI Done | REGALTOS is LIVE,2025-01-29T20:26:49Z
BkSk0gt0J-4,UCwFRGieumnh1MrM5F3D65Tg,PLAYING PUBG PC | BOOOM BAAAM CLASSICS | CHILL STREAM,2025-01-28T18:30:36Z
hzz7VIcobP8,UCwFRGieumnh1MrM5F3D65Tg,NEW HORROR GAME | GTA V DONE,2025-01-27T19:06:20Z
jmqbeZBOyqU,UCwFRGieumnh1MrM5F3D65Tg,NEW M416 SKIN CRATE OPENING : NEW SEASON | BGMI RANK PUSH | REGALTOS IS LIVE,2025-01-26T16:47:52Z
JaUJAFq9rcg,UCwFRGieumnh1MrM5F3D65Tg,NEW MEMBERS STICKERS | CHILL STREAM : BGMI | REGALTOS IS LIVE,2025-01-05T17:14:43Z
Q3fILj-K4EA,UCwFRGieumnh1MrM5F3D65Tg,BEST CREWMATE ? |Among Us With ReGaLToS,2025-01-04T17:22:16Z
Hpct2ZqABkE,UCwFRGieumnh1MrM5F3D65Tg,NEW YEAR ME WELCOME HAI | CHILL STREAM | BGMI RANK PUSH : REGALTOS IS LIVE,2025-01-03T17:50:58Z
joWj9bwUfDo,UCwFRGieumnh1MrM5F3D65Tg,S8UL VALORANT 5V5 | BGMI DONE | REGALTOS IS LIVE,2024-12-29T19:12:52Z
V2Gp-2Jcqqw,UCwFRGieumnh1MrM5F3D65Tg,NEW UPDATE : BGMI RANK PUSH | REGALTOS IS LIVE,2024-12-27T17:08:06Z
kXbSlnt_Xfc,UCwFRGieumnh1MrM5F3D65Tg,NEW UPDATE : BGMI RANK PUSH | REGALTOS IS LIVE,2024-12-26T17:26:54Z
g1H9IiPcAoE,UCwFRGieumnh1MrM5F3D65Tg,NEW UPDATE : BGMI RANK PUSH | REGALTOS IS LIVE,2024-12-24T16:30:29Z
irOQIl_lDUE,UCwFRGieumnh1MrM5F3D65Tg,GTA-V LIVE WITH REGALTOS | BGMI DONE | CHILL STREAM : REGALTOS IS LIVE,2024-12-23T19:58:40Z
yx4CnzSFUeg,UCwFRGieumnh1MrM5F3D65Tg,VALORANT NOW | S8UL 5 VS 5 | AMONG US DONE : REGALTOS IS LIVE,2024-12-22T19:08:53Z
8EclSZVzpO0,UCwFRGieumnh1MrM5F3D65Tg,NEW UPDATE : BGMI RANK PUSH | REGALTOS IS LIVE,2024-12-19T17:11:02Z
v0B92YVJYcA,UCwFRGieumnh1MrM5F3D65Tg,NEW UPDATE : BGMI RANK PUSH | REGALTOS IS LIVE,2024-12-17T16:45:38Z
oyuJleGRnuY,UCwFRGieumnh1MrM5F3D65Tg,HITTING PACIFIC BANK TODAY | GTA V ROLEPLAY | REGALTOS IS LIVE,2024-12-11T19:33:41Z
ezLayiVdik0,UCwFRGieumnh1MrM5F3D65Tg,Beat me and win in CookieRun India | New Game by Krafton | REGALTOS IS LIVE,2024-12-11T14:59:31Z
UBtVITz9LJ4,UCwFRGieumnh1MrM5F3D65Tg,BGMI DONE | VALORANT RANK PUSH | REGALTOS IS LIVE,2024-12-10T17:56:34Z
XcHYeuCgNJQ,UCwFRGieumnh1MrM5F3D65Tg,WHEN REGALTOS PLAYS PUBG MOBILE,2024-12-07T07:32:56Z
jeALbVdUUjY,UCwFRGieumnh1MrM5F3D65Tg,NEW UPDATE : BGMI RANK PUSH | REGALTOS IS LIVE,2024-12-06T16:27:04Z
VLzIperxdcE,UCwFRGieumnh1MrM5F3D65Tg,NEW MODE : ULTIMATE ROYALE RANK PUSH | REGALTOS IS LIVE,2024-12-02T13:50:49Z
4e8exfudVfY,UCwFRGieumnh1MrM5F3D65Tg,UZI GLACIER IS HERE | BGMI CRATE OPENING | REGALTOS IS LIVE,2024-11-27T16:26:39Z
qQ_BTJO3EK8,UCwFRGieumnh1MrM5F3D65Tg,BGMI MOBILE | TEAM S8UL VS IQOO SOUL | TDM BATTLE,2024-11-26T19:14:35Z
ftc2Ee5RHps,UCwFRGieumnh1MrM5F3D65Tg,NEW UPDATE : NEW SEASON | MCLAREN  OPENING | REGALTOS IS LIVE,2024-11-25T16:24:57Z
a4bt9MNFBag,UCwFRGieumnh1MrM5F3D65Tg,HITTING PACIFIC BANK TODAY | GTA V ROLEPLAY | REGALTOS IS LIVE,2024-11-10T20:06:37Z
gJd0vvMxftM,UCwFRGieumnh1MrM5F3D65Tg,ROAD TO IMMORTAL | VALORANT RANK PUSH | REGALTOS IS LIVE,2024-11-09T18:27:03Z
okPsKE1uAYM,UCwFRGieumnh1MrM5F3D65Tg,VALORANT ONLY RANK PUSH | ROAD TO IMMORTAL : REGALTOS IS LIVE,2024-11-07T19:38:29Z
twklqnV0-Y4,UCwFRGieumnh1MrM5F3D65Tg,NEW PLACE FOR CODERED | GTA V ROLEPLAY | MASOOM IN THE CITY : REGALTOS IS LIVE,2024-11-05T18:06:18Z
4Nrx6iG9Wm4,UCwFRGieumnh1MrM5F3D65Tg,BUYING NEW CARS IN GTA V | WHOLE WAVE 5 | GTA V ROLEPLAY | REGALTOS IS LIVE,2024-11-04T18:51:04Z
mZiA6q4OWUs,UCwFRGieumnh1MrM5F3D65Tg,THE NEW REAPER'S BLESSING SET CRATE OPENING |  BGMI + GTA V ROLEPLAY,2024-11-03T16:57:59Z
mMKzkkJtnbk,UCwFRGieumnh1MrM5F3D65Tg,LIAR'S BAR GAME  WITH REGALTOS | LIVE,2024-11-01T17:27:09Z
yF7u6CD7HvY,UCwFRGieumnh1MrM5F3D65Tg,CLASSIC RUSH GAMES | BGMI : REGALTOS IS LIVE,2024-10-29T18:18:00Z
O-w_mFBpwOE,UCwFRGieumnh1MrM5F3D65Tg,NEW BGMI CRATE OPENING : NEW WOW MODE CREATOR ACCESS,2024-10-28T17:45:23Z
6GIRhBzqStE,UCwFRGieumnh1MrM5F3D65Tg,LIAR'S BAR GAME  WITH REGALTOS | LIVE,2024-10-23T18:09:39Z
WCyCqqFC0Pc,UCwFRGieumnh1MrM5F3D65Tg,VALORANT WITH S8UL | RANK PUSH : REGALTOS IS LIVE,2024-10-22T18:37:15Z
-jBu0xjY-Ik,UCwFRGieumnh1MrM5F3D65Tg,SERIOUS RANK PUSH | VALORANT GAMEPLAY : REGALTOS IS LIVE,2024-10-19T11:26:41Z
lvaZC-AfU7I,UCwFRGieumnh1MrM5F3D65Tg,S8UL 5V5 VALORANT | LOCKDOWN PROTOCOL DONE | REGALTOS IS LIVE,2024-10-12T20:26:21Z
xGAopBdfr9Q,UCwFRGieumnh1MrM5F3D65Tg,Good Morning !!,2024-10-11T15:06:56Z
zYNLByoDgRE,UCwFRGieumnh1MrM5F3D65Tg,MORE IRL STREAM COMING SOON | NEW CRATE OPENING | BGMI : REGALTOS IS LIVE,2024-10-10T16:46:28Z
6BWRkNy9EDk,UCwFRGieumnh1MrM5F3D65Tg,IRL BUILDING LEGO AVENGER TOWER,2024-10-07T17:43:26Z
UNj-IaX2nsw,UCwFRGieumnh1MrM5F3D65Tg,VALORANT 5v5 WITH S8UL | BGMI DONE | REGALTOS IS LIVE,2024-10-04T20:00:05Z
8iqG7c1urL0,UCwFRGieumnh1MrM5F3D65Tg,Valorant Today | Rank Push  | Regaltos is live,2024-10-02T19:49:18Z
HSJhDKnURQk,UCwFRGieumnh1MrM5F3D65Tg,MASOOM IN THE CITY | AMONG US DONE | REGALTOS IS LIVE,2024-09-29T18:06:54Z
cPbgoJte7-8,UCwFRGieumnh1MrM5F3D65Tg,STREAMING UNTIL I DO 70 KILLS | BGMI | REGALTOS IS LIVE,2024-09-28T18:30:41Z
53C1krrNK84,UCwFRGieumnh1MrM5F3D65Tg,NEW SEASON : RANK PUSH | BGMI : REGALTOS IS LIVE,2024-09-27T12:20:42Z
9n0MKx-SBzw,UCwFRGieumnh1MrM5F3D65Tg,BGMI DONE | BANK TRUCK ROBBERY TODAY : GTA V ROLEPLAY | REGALTOS IS LIVE,2024-09-26T17:46:14Z
3H3jbK4b8Fs,UCwFRGieumnh1MrM5F3D65Tg,MASOOM IN THE CITY : CODE RED TODAY | GTA V ROLEPLAY,2024-09-25T17:59:42Z
FJZv8tE1YA4,UCwFRGieumnh1MrM5F3D65Tg,VALORANT RANKED GAMES | BGMI DONE | REGALTOS IS LIVE,2024-09-23T14:29:38Z
dN6e_2uPEAs,UCwFRGieumnh1MrM5F3D65Tg,NEW UPDATE : CRATE OPENING | NEW SEASON RANK PUSH | REGALTOS IS LIVE,2024-09-22T16:22:52Z
QT6NXR6ku2U,UCwFRGieumnh1MrM5F3D65Tg,LOCKDOWN PROTOCOL | KYA MAI ISME BHI MASOOM RAHUGA ? | REGALTOS IS LIVE,2024-09-08T18:17:46Z
GI_Z5KzmnaM,UCwFRGieumnh1MrM5F3D65Tg,HAPPY GANESH CHATURTHI | VALORANT PREMIER MATCHES | REGALTOS IS LIVE : PLAYING VALORANT,2024-09-07T17:01:45Z
loBe4RQo9og,UCwFRGieumnh1MrM5F3D65Tg,VALORANT 5V5 WITH S8UL | BGMI DONE | REGALTOS IS LIVE,2024-09-05T19:19:00Z
DFpctC3202A,UCwFRGieumnh1MrM5F3D65Tg,VALORANT PREMIER TEAM | REGALTOS IS LIVE : PLAYING VALORANT,2024-09-04T17:11:11Z
P8yg_KH9d1o,UCwFRGieumnh1MrM5F3D65Tg,CLASSIC RUSH GAME| BGMI GRIND : BGMI WITH REGALTOS,2024-09-03T17:09:46Z
12dLFbGOKN4,UCwFRGieumnh1MrM5F3D65Tg,CRATE OPENING + BMPS GRIND | BGMI LIVE WITH REGALTOS,2024-08-29T17:04:21Z
nFWmee2wo0Y,UCwFRGieumnh1MrM5F3D65Tg,VLOG | Bringing Home Our 3rd Esports Awards Win | Riyadh Vlog,2024-08-28T13:19:33Z
sXoYDGeNjvw,UCwFRGieumnh1MrM5F3D65Tg,BACK FROM RIYADH | BMPS GRIND IS ON | BGMI LIVE WITH REGALTOS,2024-08-26T17:05:24Z
Z8Gzc-VY8E4,UCwFRGieumnh1MrM5F3D65Tg,BMPS GRIND | SERIOUS GAMEPLAY TODAY | REGALTOS IS LIVE,2024-08-21T16:11:00Z
xeWBzIMZsdg,UCwFRGieumnh1MrM5F3D65Tg,BMPS GRIND | BGMI MOBILE | CHICKEN DINNER ONLY,2024-08-19T13:23:02Z
cDMNMHCrp6Y,UCwFRGieumnh1MrM5F3D65Tg,BMPS GRIND | BGMI MOBILE | TEAM S8UL VS IQOO SOUL | TDM BATTLE,2024-08-18T15:07:52Z
q04qGK2dEgE,UCwFRGieumnh1MrM5F3D65Tg,HAPPY INDEPENDENCE DAY | TEAM S8UL VS IQOO SOUL | TDM BATTLE,2024-08-15T11:06:31Z
ZThBRYC-xVc,UCwFRGieumnh1MrM5F3D65Tg,VALORANT LIVE WITH REGALTOS | ONLY RANK UP GAMES TODAY,2024-08-14T17:33:12Z
HJ-Nct6BG0Q,UCwFRGieumnh1MrM5F3D65Tg,S8UL 5V5 VALORANT | BGMI DONE | REGALTOS IS LIVE,2024-08-12T19:08:41Z
BPEiCBDdllU,UCwFRGieumnh1MrM5F3D65Tg,I GOT A MYSTERY BOX,2024-08-08T11:24:54Z
8VMgyOajAzA,UCwFRGieumnh1MrM5F3D65Tg,INITIATING TRIAL FURY CHALLENGE | REGALTOS IS LIVE : BGMI,2024-08-07T16:10:13Z
D4-ujrMvL3Q,UCwFRGieumnh1MrM5F3D65Tg,"X SUIT CRATE OPENING | 40,000 UC | SCRIMS WITH REGALTOS : BGMI LIVE",2024-08-06T14:20:30Z
6mnnrzouA7U,UCwFRGieumnh1MrM5F3D65Tg,SERIOUS GAMEPLAY TODAY | ONLY CHICKEN DINNER  | REGALTOS IS LIVE,2024-08-04T16:18:07Z
UZ6wyOfvcxQ,UCwFRGieumnh1MrM5F3D65Tg,BUILDING MY DREAM BMW 530i | MODIFICATION OF MY CAR VLOG,2024-08-03T05:10:42Z
OgbP3m60igk,UCwFRGieumnh1MrM5F3D65Tg,"I BOUGHT A ₹3,25,000 GAMING PC!",2024-07-26T06:30:08Z
wX-dDi36lNA,UCwFRGieumnh1MrM5F3D65Tg,DELHI TO MUMBAI IN MY BMW,2024-07-23T09:13:45Z
MhS1-go77VU,UCwFRGieumnh1MrM5F3D65Tg,CRATE OPENING AND BGMI DONE | GTA V RP NOW | MASOOM IN THE CITY@UniPinIndia,2024-07-19T09:15:40Z
dYCeLthqrHs,UCwFRGieumnh1MrM5F3D65Tg,PLAYING CODENAME WITH S8UL | BGMI DONE | REGALTOS IS LIVE,2024-07-16T21:42:19Z
QnURdv4vRHk,UCwFRGieumnh1MrM5F3D65Tg,S8UL 5V5 VALORANT NOW | BGMI DONE | REGALTOS IS LIVE,2024-07-15T19:56:56Z
X6srCgRHOFI,UCwFRGieumnh1MrM5F3D65Tg,LEARNING AND GRINDING IN SCRIMS | BGMI | REGALTOS IS LIVE,2024-07-10T11:06:41Z
TjZvVzLXyRM,UCwFRGieumnh1MrM5F3D65Tg,LEARNING AND GRINDING IN SCRIMS | BGMI | REGALTOS IS LIVE,2024-07-09T14:23:55Z
ldlmQt7fOv8,UCwFRGieumnh1MrM5F3D65Tg,MASOOM IN THE CITY | REGALTOS IS LIVE | !VOTE FOR S8UL AND MORTAL,2024-07-06T20:08:50Z
DTyT4GvU6dU,UCwFRGieumnh1MrM5F3D65Tg,SERIOUS GAMEPLAY TODAY | ONLY CHICKEN DINNER  | REGALTOS IS LIVE,2024-07-05T07:04:00Z
3EH2uePd2dU,UCwFRGieumnh1MrM5F3D65Tg,SERIOUS GAMEPLAY TODAY | ONLY CHICKEN DINNER  | REGALTOS IS LIVE,2024-07-04T08:40:19Z
d-mjQrgtbyM,UCwFRGieumnh1MrM5F3D65Tg,SERIOUS GAMEPLAY TODAY | ONLY CHICKEN DINNER  | REGALTOS IS LIVE,2024-07-03T08:48:41Z
GNu7vTAA-GI,UCwFRGieumnh1MrM5F3D65Tg,PLAYING PUBG PC NOW | BGMI DONE | REGALTOS IS LIVE,2024-06-22T18:42:49Z
kWeUsO29kUE,UCwFRGieumnh1MrM5F3D65Tg,"TRY NOT TO LAUGH CHALLENGE FOR 20,000 Rs",2024-06-21T05:41:26Z
NgsQWn3k_4U,UCwFRGieumnh1MrM5F3D65Tg,!PUBG PC AFTER SO LONG | BGMI DONE | REGALTOS IS LIVE,2024-06-20T17:06:10Z
0V9VpHW559w,UCwFRGieumnh1MrM5F3D65Tg,SERIOUS GAMEPLAY TODAY | ONLY CHICKEN DINNER  | REGALTOS IS LIVE,2024-06-18T15:59:42Z
iPLhm32eIHU,UCwFRGieumnh1MrM5F3D65Tg,CRATE OPENING OF NEW AKM SKIN | LOVERS SET | REGALTOS IS LIVE,2024-06-17T16:11:19Z
w5Gr_xtk7yc,UCwFRGieumnh1MrM5F3D65Tg,"SPICIEST CHALLENGE EVER PART2 || 🔥CHICKEN WINGS CHALLENGE FOR RS 10,000",2024-06-16T04:30:21Z
e96HjUqlDI0,UCwFRGieumnh1MrM5F3D65Tg,Kamla Ko Girlfriend Bana Diya,2024-06-14T06:30:11Z
I5YWGE2772I,UCwFRGieumnh1MrM5F3D65Tg,BOOM BAAM CHICKEN DINNER WITH FUN SQUAD | VOTE FOR ME : BGMI MOBILE,2024-06-13T16:11:19Z
9EhbCu80gKs,UCwFRGieumnh1MrM5F3D65Tg,BOOM BAAM CHICKEN DINNER WITH FUN SQUAD | VOTE FOR ME : BGMI MOBILE,2024-06-12T15:13:24Z
Pr9KBOhEwq8,UCwFRGieumnh1MrM5F3D65Tg,COMPLETING KAMLA TODAY | REGALTOS IS LIVE,2024-06-11T19:31:18Z
xfkB-1UqfdQ,UCwFRGieumnh1MrM5F3D65Tg,Kill Or Pass The Phone Challenge In Bgmi,2024-06-11T08:30:07Z
DcK4ijS4ceg,UCwFRGieumnh1MrM5F3D65Tg,VALORANT 'NEW MAP ' EARLY ACCESS | BGMI DONE | REGALTOS IS LIVE,2024-06-10T20:17:38Z
1IlRbxO_xuY,UCwFRGieumnh1MrM5F3D65Tg,HORROR GAME TODAY | REGALTOS IS LIVE | DAR NAHI LAGTA MUJHE,2024-06-01T14:35:37Z
Ivs5JTTnwgQ,UCwFRGieumnh1MrM5F3D65Tg,SERIOUS BGMI RANKPUSH | RP DONE | REGALTOS IS LIVE,2024-05-31T19:53:47Z
72iHO_TaZzw,UCwFRGieumnh1MrM5F3D65Tg,CHICKEN DINNER HUNTING | RANK PUSH AND CRATE OPENING OF 100000 UC | REGALTOS IS LIVE | BGMI,2024-05-30T20:02:36Z
q-S_V2O1GDA,UCwFRGieumnh1MrM5F3D65Tg,New Update Ka Wait hai | Classic Rush Games | Regaltos is Live,2024-05-27T14:14:29Z
ttQE81Pnzcs,UCwFRGieumnh1MrM5F3D65Tg,CLASSIC RUSH GAMES | ONLY RUSH GAMEPLAY | BGMI WITH REGALTOS #shorts #shortslive #shortsfeed,2024-05-26T08:44:32Z
z8TnENRkBmk,UCwFRGieumnh1MrM5F3D65Tg,We Met Ranveer Singh 😍,2024-05-25T11:57:18Z
xAtznXj1rwU,UCwFRGieumnh1MrM5F3D65Tg,IGRI Tournament Team ILLUSION POV | Regaltos Is Live,2024-05-24T11:05:21Z
TmqoClEg1sU,UCwFRGieumnh1MrM5F3D65Tg,Jungle Safari Mei Maza Aya,2024-05-23T11:31:18Z
gp7QrSqiYzk,UCwFRGieumnh1MrM5F3D65Tg,CLASSIC RUSH GAMES | ONLY RUSH GAMEPLAY | BGMI WITH REGALTOS,2024-05-13T11:25:45Z
6sopV8mrzmw,UCwFRGieumnh1MrM5F3D65Tg,CLASSIC RUSH GAMES | ONLY RUSH GAMEPLAY | BGMI WITH REGALTOS,2024-05-10T12:19:14Z
cnZsqO15ank,UCwFRGieumnh1MrM5F3D65Tg,Masoom In The City | Regaltos Is Live | Gta V Roleplay,2024-05-09T16:28:23Z
SbEUqx9aKsU,UCwFRGieumnh1MrM5F3D65Tg,MASOOM IN THE CITY | BGMI DONE | REGALTOS IS LIVE,2024-05-08T11:53:46Z
ZP55DGwt6NM,UCwFRGieumnh1MrM5F3D65Tg,MASOOM IN THE CITY | BGMI DONE | REGALTOS IS LIVE,2024-05-07T13:40:57Z
pbfp_VrcV4g,UCwFRGieumnh1MrM5F3D65Tg,I PLAYED GAMES IN MY GAMING GLASSES  !! @LegionGamingIndia,2024-05-06T09:49:23Z
8dNSAcW6vcc,UCwFRGieumnh1MrM5F3D65Tg,Fav Kind of Transition! #viral,2024-05-05T23:43:15Z
atKg97zdg0E,UCwFRGieumnh1MrM5F3D65Tg,Pura Din Game Khelta Rehta hai Ye  @ugw_official  - VLOG,2024-05-05T12:59:58Z
VwLMGjmF4rs,UCwFRGieumnh1MrM5F3D65Tg,MASOOM IN THE CITY | BGMI DONE | REGALTOS IS LIVE,2024-05-04T15:36:02Z
BcKwPvoIw_0,UCwFRGieumnh1MrM5F3D65Tg,CLASSIC RUSH GAMES | ONLY RUSH GAMEPLAY | BGMI WITH REGALTOS : REGALTOS IS LIVE,2024-05-01T16:02:20Z
ttmKz-hhcHU,UCwFRGieumnh1MrM5F3D65Tg,NEW CAR TODAY ? MASOOM IN THE CITY | REGALTOS IS LIVE,2024-04-28T17:03:42Z
bQV3Zi-OoHA,UCwFRGieumnh1MrM5F3D65Tg,MASOOM IN THE CITY | BGMI DONE | REGALTOS IS LIVE,2024-04-27T19:19:49Z
FsI9eM699XQ,UCwFRGieumnh1MrM5F3D65Tg,PLAYING BULLET ECHO INDIA: Battle Royal | BGMI DONE | REGALTOS IS LIVE,2024-04-26T15:48:37Z
o8BrDV04tvg,UCwFRGieumnh1MrM5F3D65Tg,Gaming Setup Tour,2024-04-25T12:00:59Z
omyOt_K28CI,UCwFRGieumnh1MrM5F3D65Tg,TEAM REGA ( POV ) | DAY 3 | BGMI TOURNAMENT | Amazon Gaming Fest Tournament,2024-04-24T13:15:48Z
pB7HysSEZws,UCwFRGieumnh1MrM5F3D65Tg,TEAM REGA ( POV ) | DAY 2 | BGMI TOURNAMENT | Amazon Gaming Fest Tournament,2024-04-23T13:32:27Z
g_2nFgcB2_E,UCwFRGieumnh1MrM5F3D65Tg,TEAM REGA ( POV ) | BGMI TOURNAMENT | Amazon Gaming Fest Tournament,2024-04-22T13:35:46Z
G1lPInGZzrY,UCwFRGieumnh1MrM5F3D65Tg,CLASSIC RUSH GAMES | ONLY RUSH GAMES | BGMI WITH REGALTOS,2024-04-21T15:31:48Z
LftfECuw50E,UCwFRGieumnh1MrM5F3D65Tg,NEW GAMING SET UP | CLASSIC RUSH GAMES | BGMI WITH REGALTOS,2024-04-18T14:42:48Z
r1ykEgWO7gg,UCwFRGieumnh1MrM5F3D65Tg,MASOOM IN THE CITY | REGALTOS IS LIVE,2024-04-15T15:49:36Z
qoneXSleXbc,UCwFRGieumnh1MrM5F3D65Tg,MASOOM IN THE CITY | REGALTOS IS LIVE,2024-04-12T22:29:42Z
QEhdFTtE02Q,UCwFRGieumnh1MrM5F3D65Tg,BGMI NEW MODE REACTION #regaltosislive #pubgmobile #viral #pubglover #funnyvideOS #bgmi #regaltoS,2024-04-12T08:50:42Z
7cyCP9CUQNw,UCwFRGieumnh1MrM5F3D65Tg,LIVE : VOICE PACK AAAGAYAAA | CLASSIC RUSH GAMES | BGMI WITH REGALTOS,2024-04-09T11:32:46Z
VIux2E2aDK0,UCwFRGieumnh1MrM5F3D65Tg,NEW X SUIT MAXING | ROAD TO CONQUEROR | RANK PUSH STREAM | BGMI LIVE WITH REGALTOS,2024-04-07T14:58:31Z
qKymo0n7nnI,UCwFRGieumnh1MrM5F3D65Tg,NEW SEASON : RANK PUSH IN BGMI | BGMI LIVE WITH REGALTOS,2024-04-06T14:37:09Z
V2WBi0-h6iY,UCwFRGieumnh1MrM5F3D65Tg,NEW SEASON TOMORROW | RANK PUSH KARE KAL SE ? | BGMI WITH REGALTOS,2024-04-05T14:54:01Z
4UDjCp8i2nc,UCwFRGieumnh1MrM5F3D65Tg,MASOOM IN THE CITY | FOOD TRUCK JAAEGA ?,2024-04-04T16:40:33Z
xT8LulioBQQ,UCwFRGieumnh1MrM5F3D65Tg,NAME KYA HAI APKA 🤣❤️  #viral #omegle #omeglefunny #ometv,2024-04-02T12:42:27Z
U2wiUJq1Sn0,UCwFRGieumnh1MrM5F3D65Tg,NEW UPDATE 3.1 | NEW MODE | CLASSIC RUSH GAMES | REGALTOS IS LIVE,2024-04-02T12:24:49Z
3tQVPf5SwtQ,UCwFRGieumnh1MrM5F3D65Tg,CLASSIC RUSH GAMES | ONLY RUSH GAMES | BGMI WITH REGALTOS,2024-04-01T14:17:35Z
Z9RhwgbH_yA,UCwFRGieumnh1MrM5F3D65Tg,I MET THEM ON OME TV 🤣🤣 #omegle #omeglefunny #ometv #funny #viral #viralvideo,2024-03-31T18:21:46Z
xmwqYe2oYjc,UCwFRGieumnh1MrM5F3D65Tg,CLASSIC RUSH GAMES | ONLY RUSH GAMES | BGMI WITH REGALTOS,2024-03-31T16:17:45Z
ndsClWnNjis,UCwFRGieumnh1MrM5F3D65Tg,BENTLEY SKIN | BEST CAR SKIN OF ALL TIME ?,2024-03-29T10:12:08Z
9vyKlwDAzNw,UCwFRGieumnh1MrM5F3D65Tg,"NEW UPDATE 3.1 | 100,000 UC CRATE OPENING | NEW MODE | REGALTOS IS LIVE",2024-03-28T12:25:48Z
5PHP3-CmaEA,UCwFRGieumnh1MrM5F3D65Tg,I Found this Girl on Ome Tv 😍 | PART 2,2024-03-28T04:30:07Z
NX-z35iN17w,UCwFRGieumnh1MrM5F3D65Tg,NEW UPDATE 3.1 | NEW MODE | CLASSIC RUSH GAMES | REGALTOS IS LIVE,2024-03-27T09:48:22Z
6EbGxB3T8Ug,UCwFRGieumnh1MrM5F3D65Tg,NEW AGENT ACCESS | VALORANT 5 VS 5 | REGALTOS IS LIVE,2024-03-25T19:07:45Z
l8lRT_cpkFE,UCwFRGieumnh1MrM5F3D65Tg,CLASSIC RUSH GAMES | ONLY RUSH GAMEPLAY | BGMI WITH REGALTOS,2024-03-24T16:07:43Z
lasplZEYWe4,UCwFRGieumnh1MrM5F3D65Tg,SHE GOT SHOCKED *MET A RANDOM FAN GIRL IN BGMI*,2024-03-23T13:03:22Z
jIV12XdzCjA,UCwFRGieumnh1MrM5F3D65Tg,M416 SPRAY 🔥 #gaming #bgmi #gameplay #gamingvideos #gamer #regaltos,2024-03-23T07:56:33Z
W440HNUkq6g,UCwFRGieumnh1MrM5F3D65Tg,MASOOM IN THE SOULCITY | REGALTOS IS LIVE | SOULCITY BY ECHO RP,2024-03-21T17:07:24Z
4C46EiDhVuQ,UCwFRGieumnh1MrM5F3D65Tg,Bahot Dino Baad Cricket Khela !!,2024-03-21T02:30:01Z
hUDB6jxXXPw,UCwFRGieumnh1MrM5F3D65Tg,CLASSIC RUSH GAMES | ONLY RUSH GAMEPLAY | BGMI WITH REGALTOS,2024-03-20T18:01:18Z
Tf_ae_ysy3w,UCwFRGieumnh1MrM5F3D65Tg,Gaming Chair Tod di 😱😱 - VLOG 16,2024-03-20T03:06:08Z
GGsCcAqVOFQ,UCwFRGieumnh1MrM5F3D65Tg,Ye Konsi Padhai Hoti Hai ? Vlog 15,2024-03-19T06:42:22Z
d3DIsa5RJoU,UCwFRGieumnh1MrM5F3D65Tg,CLASSIC RUSH GAMES | ONLY RUSH GAMEPLAY | BGMI WITH REGALTOS,2024-03-18T17:10:29Z
OOe03y4uXbE,UCwFRGieumnh1MrM5F3D65Tg,Gym Me Pizza khaa rahe hain 😂😂 | VLOG 14,2024-03-18T06:25:32Z
z5R2SefO_Do,UCwFRGieumnh1MrM5F3D65Tg,CLASSIC RUSH GAMES | ONLY RUSH GAMEPLAY | BGMI WITH REGALTOS,2024-03-17T16:30:36Z
H9ggF3p4Pt8,UCwFRGieumnh1MrM5F3D65Tg,Ek Aur Award Aate Hue 😍,2024-03-16T07:00:11Z
YaK7EdaIlsA,UCwFRGieumnh1MrM5F3D65Tg,MERI FAVOURITE JEANS FAAD DI,2024-03-15T06:11:56Z
O_OlGIxoaEc,UCwFRGieumnh1MrM5F3D65Tg,NEW SERVER | FIRST DAY IN SOULCITY 2.0 | REGALTOS IS LIVE,2024-03-14T16:43:28Z
ytCcd-tl85Y,UCwFRGieumnh1MrM5F3D65Tg,When Gamers Met Bollywood Stars 😍,2024-03-14T10:17:25Z
B88XfDu1SMU,UCwFRGieumnh1MrM5F3D65Tg,CLASSIC RUSH GAMES | ONLY RUSH GAMES | BGMI WITH REGALTOS,2024-03-13T18:17:57Z
h2JZFXv9GmI,UCwFRGieumnh1MrM5F3D65Tg,Real Vlogger In Gaming House 😍 - VLOG 10,2024-03-13T10:27:08Z
WABWbaaOj8c,UCwFRGieumnh1MrM5F3D65Tg,CLASSIC RUSH GAMES | ONLY RUSH GAMES | BGMI WITH REGALTOS,2024-03-12T17:01:57Z
DMpTcsoQ-PU,UCwFRGieumnh1MrM5F3D65Tg,I took Challenge | 45 days GYM| VLOG 9,2024-03-12T05:26:14Z
8KE5ARnddBc,UCwFRGieumnh1MrM5F3D65Tg,LIVE : CLASSIC RUSH GAMES | ONLY RUSH GAMES | BGMI WITH REGALTOS,2024-03-10T17:01:32Z
ehLwAzEe3o4,UCwFRGieumnh1MrM5F3D65Tg,BGMI CLUTCH 1VS4 #bgmi #bgmishorts #viral #viralvideo,2024-03-10T09:52:10Z
N9myPCVZjZU,UCwFRGieumnh1MrM5F3D65Tg,Playing BGMI with my Mom *Wholesome Moment*,2024-03-10T04:30:14Z
akBeezlVhaY,UCwFRGieumnh1MrM5F3D65Tg,CLASSIC RUSH GAMES | ONLY RUSH GAMES | BGMI WITH REGALTOS,2024-03-09T17:27:06Z
EMNK21arN5Q,UCwFRGieumnh1MrM5F3D65Tg,KD ko lekar hui ladai | VLOG 8,2024-03-09T06:16:32Z
-woUAauHxAU,UCwFRGieumnh1MrM5F3D65Tg,CLASSIC RUSH GAMES | ONLY RUSH GAMES | BGMI WITH REGALTOS,2024-03-08T16:35:20Z
UwSHS1EenGY,UCwFRGieumnh1MrM5F3D65Tg,BADE LOGON KE BADI BAATIEN | VLOG 7,2024-03-08T10:04:32Z
95rvTY0xeKI,UCwFRGieumnh1MrM5F3D65Tg,CLASSIC RUSH GAMES | ONLY RUSH GAMES | BGMI WITH REGALTOS,2024-03-07T18:50:51Z
53Kor9BeBoA,UCwFRGieumnh1MrM5F3D65Tg,Reaction On BGMI Ban News 😱😱 - VLOG 6,2024-03-07T04:41:00Z
DqU8-CeaUVg,UCwFRGieumnh1MrM5F3D65Tg,SERIOUS RANK PUSH | ROAD TO CONQUEROR | BGMI WITH REGALTOS,2024-03-06T18:19:21Z
-ljzMXtYetM,UCwFRGieumnh1MrM5F3D65Tg,SAMOSE KE WAJAH SE HUE LATE 😳😳,2024-03-06T08:54:20Z
IRi2WHSDNrM,UCwFRGieumnh1MrM5F3D65Tg,CLASSIC RUSH GAMES | ONLY RUSH GAMES | BGMI WITH REGALTOS,2024-03-05T15:45:12Z
XLHLQwwt2To,UCwFRGieumnh1MrM5F3D65Tg,HUM CHALIEN HYDERABAD SPACESHIP UDANE 🚀🚀,2024-03-02T12:14:25Z
nSSJq79JLdc,UCwFRGieumnh1MrM5F3D65Tg,SERIOUS RANK PUSH | ROAD TO TOP100| BGMI WITH REGALTOS,2024-03-01T17:56:33Z
xicuRPp4drw,UCwFRGieumnh1MrM5F3D65Tg,ASKING EVERYONE THEIR FAVOURITE IPL TEAM 😍,2024-03-01T10:48:24Z
WF8yi0X1yGo,UCwFRGieumnh1MrM5F3D65Tg,SO MANY CREATORS IN GAMING HOUSE 😍,2024-02-29T11:30:22Z
G2d6OvDFvFI,UCwFRGieumnh1MrM5F3D65Tg,REGULAR VLOGS IN GAMING HOUSE 😍 ? - VLOG,2024-02-28T09:03:32Z
dczztQBmsfg,UCwFRGieumnh1MrM5F3D65Tg,SERIOUS RANK PUSH | ROAD TO TOP 100 | BGMI WITH REGALTOS,2024-02-27T17:40:29Z
nDUT_2WORv0,UCwFRGieumnh1MrM5F3D65Tg,NEW SET CRATE OPENING BGMI | FUNNY CRATE OPENING 😼,2024-02-27T04:15:01Z
Nmo1x3Uoq1o,UCwFRGieumnh1MrM5F3D65Tg,SERIOUS RANK PUSH | ROAD TO TOP 100 | BGMI WITH REGALTOS,2024-02-26T16:11:19Z
y-sd4Dmcl1I,UCwFRGieumnh1MrM5F3D65Tg,"90,000 UC CRATE OPENING | NEW GLAZING RIPPLE SET | BGMI WITH REGALTOS",2024-02-24T12:28:44Z
tlCHbuCkTEE,UCwFRGieumnh1MrM5F3D65Tg,SERIOUS RANK PUSH | ROAD TO TOP 100 | BGMI WITH REGALTOS,2024-02-21T17:25:40Z
uVpbPkeVSCg,UCwFRGieumnh1MrM5F3D65Tg,SERIOUS RANK PUSH | ROAD TO CONQUEROR | BGMI WITH REGALTOS,2024-02-20T17:23:19Z
JDluWlohfwY,UCwFRGieumnh1MrM5F3D65Tg,FUN TDM MATCH - FT. TEAM iQOOSouL !!,2024-02-20T05:30:14Z
frXVODJFBMg,UCwFRGieumnh1MrM5F3D65Tg,SERIOUS RANK PUSH | ROAD TO CONQUEROR | BGMI WITH REGALTOS,2024-02-19T18:00:30Z
SX7AEzQjM5c,UCwFRGieumnh1MrM5F3D65Tg,Lan ka Experience alag hai 😍😍,2024-02-19T10:29:26Z
ELrbcZymEu4,UCwFRGieumnh1MrM5F3D65Tg,SERIOUS RANK PUSH | ROAD TO CONQUEROR | BGMI WITH REGALTOS,2024-02-16T16:20:29Z
lGIUkbk17S0,UCwFRGieumnh1MrM5F3D65Tg,SERIOUS RANK PUSH | ROAD TO CONQUEROR | BGMI WITH REGALTOS,2024-02-15T17:57:57Z
TCWSeteFwCI,UCwFRGieumnh1MrM5F3D65Tg,My All Gaming Gadgets ! Worth ?😍😍 | VLOG,2024-02-15T03:30:09Z
8_s1zvAfwWI,UCwFRGieumnh1MrM5F3D65Tg,What Will be The Best Choice ? Wrap or ppf - Vlog,2024-02-14T09:49:10Z
pDj9nVacwcA,UCwFRGieumnh1MrM5F3D65Tg,NEW SEASON : CLASSIC RUSH GAMES | BGMI RANK PUSH WITH REGALTOS,2024-02-13T20:00:49Z
dbc2o9-RZQc,UCwFRGieumnh1MrM5F3D65Tg,NEW SEASON : RANK PUSH | CLASSIC RUSH GAMES | BGMI WITH REGALTOS,2024-02-12T17:40:16Z
ROXPCZ2z0u4,UCwFRGieumnh1MrM5F3D65Tg,iQoo Neo 9 Pro presents The Ultimate iQooSouL TDM Battle!,2024-02-11T13:54:50Z
YK1uIohoS_Q,UCwFRGieumnh1MrM5F3D65Tg,Car ko aisa Look Dena hai 😍 - VLOG,2024-02-11T07:22:30Z
CDintQSOTHo,UCwFRGieumnh1MrM5F3D65Tg,CLASSIC RUSH GAMES | ONLY RUSH GAMES | BGMI WITH REGALTOS,2024-02-10T18:01:47Z
tWEdSLemk4k,UCwFRGieumnh1MrM5F3D65Tg,I Found this Girl on Ome Tv 😍,2024-02-10T06:00:31Z
AEtSMoyhq4k,UCwFRGieumnh1MrM5F3D65Tg,CLASSIC RUSH GAMES | ONLY RUSH GAMES | BGMI WITH REGALTOS,2024-02-09T16:38:30Z
JjZN6HaFmzg,UCwFRGieumnh1MrM5F3D65Tg,CAR AAGAYI FINALLY 😍 - VLOG,2024-02-09T05:52:43Z
fFdyj_bN67I,UCwFRGieumnh1MrM5F3D65Tg,VALORANT 5 MAN STACK NOW | BGMI DONE | REGALTOS IS LIVE,2024-02-08T18:59:59Z
RHw_Uk3P0GE,UCwFRGieumnh1MrM5F3D65Tg,Kuch log aise hote hai #viral #viralshorts,2024-02-08T11:45:06Z
Qz5TwELEk9w,UCwFRGieumnh1MrM5F3D65Tg,* SURPRISING FANS * BY VISITING THEIR HOUSE,2024-02-07T05:30:07Z
IWuaXsqxBBU,UCwFRGieumnh1MrM5F3D65Tg,CLASSIC RUSH GAMES | ONLY RUSH GAMEPLAY | BGMI WITH REGALTOS,2024-02-06T14:55:00Z
1tpWHibexMk,UCwFRGieumnh1MrM5F3D65Tg,CLASSIC RUSH GAMES | ONLY RUSH GAMEPLAY | BGMI WITH REGALTOS,2024-02-05T17:06:51Z
tiT9qdNmwGY,UCwFRGieumnh1MrM5F3D65Tg,VALORANT 5v5 | BGMI DONE | REGALTOS IS LIVE,2024-02-04T20:20:07Z
p9P8cLiQ0ck,UCwFRGieumnh1MrM5F3D65Tg,CLASSIC RUSH GAMES | ONLY RUSH GAMEPLAY | BGMI WITH REGALTOS,2024-02-03T18:19:06Z
4ET_Zf0dYkg,UCwFRGieumnh1MrM5F3D65Tg,EXPLORING OMETV | BGMI DONE | REGALTOS IS LIVE,2024-02-01T18:54:49Z
DETJI6AOJ-k,UCwFRGieumnh1MrM5F3D65Tg,BGMI CLUTCH 1 VS 4 #bgmi #bgmilive #bgmishorts #clutch,2024-02-01T09:26:20Z
i7u_rMRfUEA,UCwFRGieumnh1MrM5F3D65Tg,CLASSIC RUSH GAMES | ONLY RUSH GAMEPLAY | BGMI WITH REGALTOS,2024-01-31T18:45:48Z
9hLU3fx0h10,UCwFRGieumnh1MrM5F3D65Tg,Saying YES to my Sister for 24 hours Challenge !!,2024-01-30T05:30:12Z
2FLL3poBKig,UCwFRGieumnh1MrM5F3D65Tg,"NEW M416 CRATE OPENING | 60,000 UC",2024-01-28T15:45:11Z
DfYL-zr1ycw,UCwFRGieumnh1MrM5F3D65Tg,VALORANT NOW | BGMI DONE | REGALTOS IS LIVE,2024-01-27T19:53:33Z
e8gSzM_xXk8,UCwFRGieumnh1MrM5F3D65Tg,NEW UPDATE 3.0 | MAXING NEW M416 SKIN | CLASSIC RUSH GAMES,2024-01-26T18:24:21Z
erwJE8FycJ8,UCwFRGieumnh1MrM5F3D65Tg,SOLO 24 KILLS DOMINATION 😳 | INTENSE CLUTCHES 🔥,2024-01-26T05:30:10Z
pFMtZ-07Fgs,UCwFRGieumnh1MrM5F3D65Tg,NEW UPDATE 3.0 | NEW M416 CRATE OPENING 60000 UC | CLASSIC RUSH GAMES,2024-01-25T18:20:21Z
fPbGXJIdPcE,UCwFRGieumnh1MrM5F3D65Tg,CLASSIC RUSH GAMES | ONLY RUSH GAMEPLAY | BGMI WITH REGALTOS,2024-01-23T17:20:16Z
ALjix1Tv5Zo,UCwFRGieumnh1MrM5F3D65Tg,Regaltos Leaked His Phone Number Live On Stream !!,2024-01-23T05:30:10Z
yINJMIyrd3k,UCwFRGieumnh1MrM5F3D65Tg,😳 NEW ERANGLE MAP ? 2 RECALLS IN NEW UPDATE : BGMI,2024-01-22T05:30:11Z
yKvpybb0jrg,UCwFRGieumnh1MrM5F3D65Tg,IRL LIVE FROM FOREST WITH BABAR SHER AND BABAR CAT,2024-01-21T16:41:40Z
CQJAfASEp6M,UCwFRGieumnh1MrM5F3D65Tg,WHAT'S YOUR MONTHLY INCOME ? QNA 2024,2024-01-20T06:00:05Z
ArKQDRKCpvk,UCwFRGieumnh1MrM5F3D65Tg,CLASSIC RUSH GAMES | ONLY RUSH GAMES | BGMI WITH REGALTOS,2024-01-18T18:45:04Z
D1HRyt7f-Dw,UCwFRGieumnh1MrM5F3D65Tg,CLASSIC RUSH GAMES | ONLY RUSH GAMES | BGMI WITH REGALTOS,2024-01-17T18:19:18Z
AysmWgBWCZU,UCwFRGieumnh1MrM5F3D65Tg,Styling @PAYALGAMING Under Rs 1000 Challenge !!,2024-01-16T05:30:11Z
iunYJqrpOy8,UCwFRGieumnh1MrM5F3D65Tg,SUNKENLAND WITH S8UL | BGMI DONE | REGALTOS IS LIVE,2024-01-15T21:51:19Z
bfjZxjd9Gh0,UCwFRGieumnh1MrM5F3D65Tg,"BGMI HAS NEVER MADE THIS TYPE OF SKIN | 24,000 UC Crate Opening Video",2024-01-14T08:31:11Z
zI4xtZTWWNg,UCwFRGieumnh1MrM5F3D65Tg,NEW AKM SKIN CRATE OPENING | CLASSIC RUSH GAMES : BGMI WITH REGALTOS,2024-01-13T18:04:34Z
emhDc6b-pS0,UCwFRGieumnh1MrM5F3D65Tg,CLASSIC RUSH GAMES | ONLY RUSH GAMES | BGMI WITH REGALTOS,2024-01-11T17:07:29Z
jKslcQeo02I,UCwFRGieumnh1MrM5F3D65Tg,8 MINUTES OF TOTAL MADNESS 🤣😂 | BGMI Funny Highlight Video,2024-01-11T08:25:24Z
KS-Hz5QBf9c,UCwFRGieumnh1MrM5F3D65Tg,CLASSIC RUSH GAMES | ONLY RUSH GAMES | BGMI WITH REGALTOS,2024-01-10T18:31:30Z
t4ebkYYgglI,UCwFRGieumnh1MrM5F3D65Tg,CLASSIC RUSH GAMES | ONLY RUSH GAMES | BGMI WITH REGALTOS,2024-01-08T16:57:41Z
Tl8gQ8nysqc,UCwFRGieumnh1MrM5F3D65Tg,CLASSIC RUSH GAMES | ONLY RUSH GAMES | BGMI WITH REGALTOS,2024-01-07T17:12:21Z
GJwKyryFL6Q,UCwFRGieumnh1MrM5F3D65Tg,CLASSIC RUSH GAMES | ONLY RUSH GAMES | BGMI WITH REGALTOS,2024-01-06T17:52:52Z
_t1LTZtLaKc,UCwFRGieumnh1MrM5F3D65Tg,VALORANT 5 MAN STACK | BGMI DONE | LONG STREAM : BGMI WITH REGALTOS,2024-01-05T20:47:55Z
vLV33qjn4vc,UCwFRGieumnh1MrM5F3D65Tg,CLASSIC RUSH GAMES | ONLY RUSH GAMES | REGALTOS IS LIVE,2024-01-04T16:01:54Z
UFeMNtHQ3IQ,UCwFRGieumnh1MrM5F3D65Tg,CLASSIC RUSH GAMES | ONLY RUSH GAMES | REGALTOS IS LIVE,2024-01-03T18:04:06Z
d_ICwt7I9bk,UCwFRGieumnh1MrM5F3D65Tg,LAST STREAM OF 2023 | HAPPY NEW YEAR EVERYONE | BGMI LIVE,2023-12-29T16:41:43Z
GLKHQFUMHuY,UCwFRGieumnh1MrM5F3D65Tg,CLASSIC RUSH GAMES | ONLY RUSH GAMES | REGALTOS IS LIVE,2023-12-28T16:12:02Z
ahOXY7LP9rs,UCwFRGieumnh1MrM5F3D65Tg,SUBSCRIBERS GAME | BGMI WITH REGALTOS | REGALTOS IS LIVE,2023-12-27T16:52:38Z
8P1QH58oaQU,UCwFRGieumnh1MrM5F3D65Tg,CLASSIC RUSH GAMES | ONLY RUSH GAMES | REGALTOS IS LIVE,2023-12-26T17:19:18Z
6D3Q5rT3SuI,UCwFRGieumnh1MrM5F3D65Tg,CLASSIC RUSH GAMES | ONLY RUSH GAMES | REGALTOS IS LIVE,2023-12-25T17:23:10Z
00gvlXF3aQQ,UCwFRGieumnh1MrM5F3D65Tg,NEW SEASON : RANK PUSH IN BGMI | BGMI LIVE WITH REGALTOS,2023-12-24T17:13:39Z
1IQioDpdYe0,UCwFRGieumnh1MrM5F3D65Tg,"MAXING UMP GLACIER | 40,000 CRATE OPENING 🔥",2023-12-24T08:01:17Z
urzrCTRZKPk,UCwFRGieumnh1MrM5F3D65Tg,NEW SEASON : RANK PUSH IN BGMI | BGMI LIVE WITH REGALTOS,2023-12-23T16:53:38Z
AE118k85IFo,UCwFRGieumnh1MrM5F3D65Tg,UMP CRATE OPENING | CLASSIC RUSH GAMES | BGMI LIVE WITH REGALTOS,2023-12-22T18:01:33Z
HPRkCmErUAo,UCwFRGieumnh1MrM5F3D65Tg,5 MAN VALORANT LIVE | BGMI DONE | REGALTOS IS LIVE,2023-12-20T19:06:10Z
RxQe8KcTiwk,UCwFRGieumnh1MrM5F3D65Tg,VALORANT 5v5 | BGMI DONE | REGALTOS IS LIVE,2023-12-19T19:41:08Z
gNUvFJI-ATU,UCwFRGieumnh1MrM5F3D65Tg,NEW SEASON : RANK PUSH IN BGMI | BGMI LIVE WITH REGALTOS,2023-12-18T17:18:40Z
8ihMZCNv3Qs,UCwFRGieumnh1MrM5F3D65Tg,INTENSE FIRST MATCH OF BGMI NEW SEASON | CENTER SLAM 🔥,2023-12-18T03:30:03Z
RZLxEPobs5g,UCwFRGieumnh1MrM5F3D65Tg,MAXING AKM GLACIER 🔥 | BEST GUARANTEED REWARDS IN BGMI HISTORY 🔥,2023-12-16T14:00:12Z
aOPN8SZVHpQ,UCwFRGieumnh1MrM5F3D65Tg,NEW SEASON : RANK PUSH IN BGMI | BGMI LIVE WITH REGALTOS,2023-12-14T17:29:58Z
oNiccvodX_A,UCwFRGieumnh1MrM5F3D65Tg,CLASSIC RUSH GAMES | ONLY RUSH GAMES | REGALTOS IS LIVE,2023-12-13T17:10:37Z
YwQBzdIsYUQ,UCwFRGieumnh1MrM5F3D65Tg,5 MAN STACK VALORANT | BGMI DONE | REGALTOS IS LIVE,2023-12-12T19:32:56Z
RlWT23Cv78E,UCwFRGieumnh1MrM5F3D65Tg,LETHAL COMPANY NOW | BGMI DONE | REGALTOS IS LIVE,2023-12-11T18:55:12Z
YW9pBywc-t0,UCwFRGieumnh1MrM5F3D65Tg,MASTER PIECE PAGANI | YOU WILL WATCH MY ONE OF THE MOST INSANE CRATE OPENING EVER,2023-12-11T11:21:22Z
z9jaFV6x7EU,UCwFRGieumnh1MrM5F3D65Tg,NEW CAR SKIN : PAGANI CRATE OPENING | BGMI LIVE WITH REGALTOS,2023-12-10T17:12:01Z
puLLscEzJBc,UCwFRGieumnh1MrM5F3D65Tg,NEW UPDATE  | NEW MODE : BGMI LIVE STREAM,2023-12-09T17:18:50Z
ucOFAaGnbH4,UCwFRGieumnh1MrM5F3D65Tg,"I GOT 60 MATERIALS IN 27,000 UC CRATE OPENING",2023-12-08T15:14:47Z
ajf3fGXtWOs,UCwFRGieumnh1MrM5F3D65Tg,NEW UPDATE  | NEW MODE : BGMI LIVE STREAM,2023-12-07T14:56:06Z
oQE4mefNww8,UCwFRGieumnh1MrM5F3D65Tg,"90,000 UC CRATE OPENING | NEW X SUIT | FUNNIEST CRATE OPENING EVER",2023-12-02T11:08:39Z
ldsKRaJEntw,UCwFRGieumnh1MrM5F3D65Tg,NEW X SUIT CRATE OPENING | NEW MODE : BGMI LIVE STREAM,2023-12-01T15:46:50Z
8BrZ5H8G63E,UCwFRGieumnh1MrM5F3D65Tg,FUN CUSTOMS TODAY | BGMI LIVE STREAM,2023-11-28T16:56:58Z
vL6aJDRRlxE,UCwFRGieumnh1MrM5F3D65Tg,Gamerz Night Live | Week 6 Episode 11 | @lenovolegion  #lenovolegion #youtubeindia #GNL,2023-11-26T16:11:56Z
IwwkcEhXXTA,UCwFRGieumnh1MrM5F3D65Tg,When There Is a Girl In Lobby | Part 2 | Funny Highlight,2023-11-26T07:51:48Z
5iuFzYX16j8,UCwFRGieumnh1MrM5F3D65Tg,NEW SEASON : BGMI | CLASSIC RUSH GAMES,2023-11-23T16:30:06Z
TpX5vzIR77A,UCwFRGieumnh1MrM5F3D65Tg,NEW SEASON : BGMI | CLASSIC RUSH GAMES,2023-11-22T17:12:33Z
kIUUmZnS1y0,UCwFRGieumnh1MrM5F3D65Tg,World Cup Final Vlog | Ind vs Aus,2023-11-21T03:44:11Z
wFb7amUafoI,UCwFRGieumnh1MrM5F3D65Tg,NEW SEASON : BGMI | CLASSIC RUSH GAMES,2023-11-20T16:29:09Z
NNAeulozANg,UCwFRGieumnh1MrM5F3D65Tg,NEW SEASON : BGMI | CLASSIC RUSH GAMES,2023-11-17T16:59:51Z
fZd1n6Egn9E,UCwFRGieumnh1MrM5F3D65Tg,Best Player of Minecraft ? Vlog,2023-11-14T03:30:10Z
zbWvRnoTm7w,UCwFRGieumnh1MrM5F3D65Tg,CHICKEN DINNER ONLY STREAM TODAY : BGMI,2023-11-13T16:17:02Z
2eoio4zNL1o,UCwFRGieumnh1MrM5F3D65Tg,a day in singapore,2023-11-12T11:31:06Z
VHnV3Ujlwq4,UCwFRGieumnh1MrM5F3D65Tg,Ye Hone Vala Hai Gaming Ka Future 🤩,2023-11-12T04:09:04Z
ecQ9Mv2NcwQ,UCwFRGieumnh1MrM5F3D65Tg,NEW SEASON : BGMI | CLASSIC RUSH GAMES,2023-11-11T18:24:11Z
mHGUQMqAH1I,UCwFRGieumnh1MrM5F3D65Tg,A SMALL SURPRISE FOR MY FAMILY | PART 2 | REGALTOS,2023-11-11T03:05:59Z
qzjwzMOjSLg,UCwFRGieumnh1MrM5F3D65Tg,NEW SEASON : BGMI | CLASSIC RUSH GAMES,2023-11-10T17:34:22Z
TtHNmx4OyGc,UCwFRGieumnh1MrM5F3D65Tg,FINALLY MAXED MY FAV SCAR-L SKIN 😼 | FOLLY'S CLASP : BGMI,2023-11-09T08:30:08Z
QfBgx2tE2v0,UCwFRGieumnh1MrM5F3D65Tg,I BOUGHT THIS IPHONE 15 PRO MAX FOR GAMING BUT ?,2023-11-08T03:36:55Z
N-iSzeR4gyQ,UCwFRGieumnh1MrM5F3D65Tg,THIS CAR IS INSANE 🔥,2023-11-07T03:06:18Z
EZkUMp2N_7U,UCwFRGieumnh1MrM5F3D65Tg,LONG STREAM TODAY | NEW SEASON : BGMI | CLASSIC RUSH GAMES,2023-11-04T17:22:14Z
Ja1d52P7NAI,UCwFRGieumnh1MrM5F3D65Tg,NEW SEASON : BGMI | CLASSIC RUSH GAMES,2023-11-03T16:28:33Z
u8YDZKXcK1I,UCwFRGieumnh1MrM5F3D65Tg,My mom asked me to play bgmi with her,2023-11-03T04:30:29Z
2NOY4TvoogI,UCwFRGieumnh1MrM5F3D65Tg,JUST LIKE A WOW CRATE OPENING | NEW SCAR-L  SKIN * UPGRADADBLE *,2023-11-02T04:15:12Z
lMkLtZsuLlg,UCwFRGieumnh1MrM5F3D65Tg,NEW SEASON : BGMI | CLASSIC RUSH GAMES,2023-10-31T15:32:55Z
9dDID98oVnY,UCwFRGieumnh1MrM5F3D65Tg,Live From Dell Exclusive Store - Nehru Place Delhi,2023-10-30T11:49:03Z
0S1J_TAAh3U,UCwFRGieumnh1MrM5F3D65Tg,OPINION ON GAMER GIRLFRIEND OR NON GAMER GIRLFRIEND,2023-10-30T03:30:09Z
tTAZUrrGDcM,UCwFRGieumnh1MrM5F3D65Tg,"https://bit.ly/3Mhpsizor Dell Exclusive Store - Pragati House, Nehru Place, Delhi#AlienwareIndia",2023-10-29T14:25:11Z
pOuPgDTZxv4,UCwFRGieumnh1MrM5F3D65Tg,BEST BGMI OUTFIT TILL DATE ?  LUCKIEST CRATE OPENING OF MINE,2023-10-29T10:30:11Z
fFldp3LCY3Q,UCwFRGieumnh1MrM5F3D65Tg,"NEW CRATE OPENING : DIWALI SPIN AND NEW GLACIAL BRIDE SET | 50,000 UC CRATE OPENING",2023-10-28T17:50:57Z
E4V1y4bdwmw,UCwFRGieumnh1MrM5F3D65Tg,NEW AGENT : ISO | VALORANT LIVE WITH REGALTOS,2023-10-27T16:22:11Z
FeZ7bkhRPq8,UCwFRGieumnh1MrM5F3D65Tg,NEW SEASON : BGMI | CLASSIC RUSH GAMES,2023-10-26T18:03:35Z
FcqdTpdolXo,UCwFRGieumnh1MrM5F3D65Tg,NEW SEASON : BGMI | CLASSIC RUSH GAMES,2023-10-25T18:07:59Z
NAqgG_h2T1M,UCwFRGieumnh1MrM5F3D65Tg,Buying 15 Pro Max 🔥 and a day full of excitement,2023-10-23T08:36:29Z
I76PDRZQ34Q,UCwFRGieumnh1MrM5F3D65Tg,COMEBACK IS ALWAYS BETTER THAN A SETBACK  | SOLO 8 KILLS IN SCRIMS | HIGHLIGHTS,2023-10-17T04:15:08Z
rhDvDQ5-wqw,UCwFRGieumnh1MrM5F3D65Tg,"54,000 UC FOR NEW CAR SKIN IN BGMI | EPIC CRATE OPENING",2023-10-16T04:15:08Z
OG8zjT8VKBc,UCwFRGieumnh1MrM5F3D65Tg,GIVING MY COMPANION NAME LUBBU | *CRATE OPENING,2023-10-14T05:30:05Z
C2MSQKq2mEg,UCwFRGieumnh1MrM5F3D65Tg,NEW UPDATE | NEW DODGE CRATE OPENING | BGMI LIVE | ONEPLUS NORD 3 5G,2023-10-13T15:35:26Z
wZpuKdJQpVU,UCwFRGieumnh1MrM5F3D65Tg,New m416 Crate Opening  #shorts #ytshorts #bgmi #crateopening #pubgmobile #funny,2023-10-11T14:15:06Z
bX2n1r7BgHc,UCwFRGieumnh1MrM5F3D65Tg,Teasing @PAYALGAMING🤣 #shorts #ytshorts #funny #regaltos #pubgmobile,2023-10-10T12:25:00Z
k3z0WF_oTTI,UCwFRGieumnh1MrM5F3D65Tg,2 VS 2 TDM WITH ROASTERS 🤣 | FUNNY TDM MATCH,2023-10-07T12:00:06Z
oSMAGhlTcwA,UCwFRGieumnh1MrM5F3D65Tg,10 Minutes of Epic Roasting | Bgmi highlights,2023-10-06T09:09:51Z
KzUihiOK_jw,UCwFRGieumnh1MrM5F3D65Tg,CLASSIC RUSH GAMES | RANK PUSH TO CONQUEROR | BGMI LIVE STREAM : ROAD TO 3 MILLION,2023-10-05T18:04:05Z
t5Kfp7c5Gcs,UCwFRGieumnh1MrM5F3D65Tg,CLASSIC RUSH GAMES | RANK PUSH TO CONQUEROR | BGMI LIVE STREAM : ROAD TO 3 MILLION,2023-10-04T18:47:23Z
yqSjgoQZoa4,UCwFRGieumnh1MrM5F3D65Tg,FUNNIEST SQUAD EVER PART -2 | BGMI FUNNY HIGHLIGHTS,2023-10-03T04:30:11Z
W2FQ7Br03xk,UCwFRGieumnh1MrM5F3D65Tg,PLAYED BGMI WITH @PAYALGAMING AFTER SO LONG,2023-10-01T10:06:01Z
aR6QwIhvtL4,UCwFRGieumnh1MrM5F3D65Tg,CLASSIC RUSH GAMES | RANK PUSH TO CONQUEROR | BGMI LIVE STREAM : ROAD TO 3 MILLION,2023-09-30T19:08:59Z
8nz_4ZtvAQc,UCwFRGieumnh1MrM5F3D65Tg,CLASSIC RUSH GAMES | GRIND IS ON | BGMI LIVE,2023-09-28T15:46:20Z
RyzTVsWcpyA,UCwFRGieumnh1MrM5F3D65Tg,Fastest 1v6 in igloo 😼 #regaltos #shorts #ytshorts #bgmi #pubgmobile #pubg,2023-09-28T11:55:06Z
OriuHc6FHF4,UCwFRGieumnh1MrM5F3D65Tg,Aaj ho jaye aar ya paar! 1v1 TDM - #PlayGalaxy,2023-09-27T18:10:04Z
25mMZ1-YYqE,UCwFRGieumnh1MrM5F3D65Tg,COMPETITIVE SCRIMS HIGHLIGHTS ! 😼,2023-09-27T04:30:11Z
TqGHjWTKVcA,UCwFRGieumnh1MrM5F3D65Tg,Rega the magician 😼 #regaltos #bgmi #pubgmobile #shorts #ytshorts #magician,2023-09-25T06:30:08Z
gHspl0bjGMU,UCwFRGieumnh1MrM5F3D65Tg,CLASSIC RUSH GAMES | BGMI LIVE | REGALTOS IS LIVE,2023-09-23T16:30:32Z
GphynE7ycKI,UCwFRGieumnh1MrM5F3D65Tg,Reflex Check Done 😼  #regaltos #pubgmobile #bgmi #shorts #ytshorts,2023-09-23T06:30:06Z
Pm4WIvFKuU4,UCwFRGieumnh1MrM5F3D65Tg,s8ul cringe reel part 2 😂 #regaltos #shorts #ytshorts #reels #s8ul,2023-09-22T06:30:07Z
qvz4nBfC-Jk,UCwFRGieumnh1MrM5F3D65Tg,What you buy in 1 minute 👀?,2023-09-21T06:30:15Z
7CbkhTLXEYg,UCwFRGieumnh1MrM5F3D65Tg,There’s no in between! 👍🏻 #regaltos #siblings #shorts #ytshorts,2023-09-20T06:30:02Z
_lHhhbYOGE4,UCwFRGieumnh1MrM5F3D65Tg,Muscle Memory test #regaltos #test #IQ #mortal #viper #synergy,2023-09-19T10:30:23Z
yqGFROohKIo,UCwFRGieumnh1MrM5F3D65Tg,Over aggression? T1 SCRIMS HIGHLIGHT,2023-09-19T05:00:08Z
3Fbel2g43VQ,UCwFRGieumnh1MrM5F3D65Tg,A Quick 1 vs 3 in BGMI 😼 #bgmi #regaltos #shorts #ytshorts,2023-09-18T12:19:46Z
CJDSoXTq_XM,UCwFRGieumnh1MrM5F3D65Tg,IS THIS NEW M416 SKIN CRATE WORTH OPENING ? * CRATE OPENING VIDEO *,2023-09-16T04:30:06Z
3rEnxJjWRHg,UCwFRGieumnh1MrM5F3D65Tg,PLAYED SCRIMS AFTER SO LONG | HIGHLIGHTS,2023-09-14T04:30:08Z
bz1TpcPY0RY,UCwFRGieumnh1MrM5F3D65Tg,"He challenged me to play on Fold 5, So let’s Unbox and Review! #PlayGalaxy",2023-09-13T06:00:10Z
uvXHMw4OvSw,UCwFRGieumnh1MrM5F3D65Tg,CLASSIC RUSH GAMES  | BGMI LIVE STREAM : ROAD TO 3 MILLION,2023-09-10T17:10:30Z
4dXkeO35GQg,UCwFRGieumnh1MrM5F3D65Tg,BOOM BAAM CHICKEN DINNERS TODAY | BGMI LIVE WITH REGALTOS,2023-09-08T19:15:31Z
FaLohT1FEgk,UCwFRGieumnh1MrM5F3D65Tg,This is why i love groza over any gun in bgmi,2023-09-07T05:25:00Z
_LyVPD3np48,UCwFRGieumnh1MrM5F3D65Tg,BOOM BAAM CHICKEN DINNERS TODAY | BGMI LIVE WITH REGALTOS,2023-09-06T16:18:20Z
qYOEcAfDIxY,UCwFRGieumnh1MrM5F3D65Tg,PROPER USE OF SHENRON : REVIVED TWICE | CONQUEROR LOBBY,2023-09-05T05:30:16Z
fGf5z-JXkI4,UCwFRGieumnh1MrM5F3D65Tg,BOOM BAAM CHICKEN DINNERS TODAY | BGMI LIVE WITH REGALTOS,2023-09-04T17:23:19Z
0o4UzbLmWKE,UCwFRGieumnh1MrM5F3D65Tg,SURPRISED HIM WITH AN ASTON MARTIN,2023-09-03T10:02:06Z
CwGHJrHXKL0,UCwFRGieumnh1MrM5F3D65Tg,How To Survive on Igloo in BGMI And Get More Finishes,2023-09-02T04:30:04Z
vGfpxdK3ZLs,UCwFRGieumnh1MrM5F3D65Tg,7 CHICKEN DINNER CHALLENGE TODAY | BGMI LIVE,2023-09-01T18:22:40Z
q_23Im8xahk,UCwFRGieumnh1MrM5F3D65Tg,7 CHICKEN DINNER CHALLENGE TODAY | BGMI LIVE,2023-08-31T17:49:04Z
dlWEajhMC4Q,UCwFRGieumnh1MrM5F3D65Tg,BGMI NEW SEASON 12 RANK PUSH | RUSH GAMES,2023-08-29T17:03:34Z
ttHcmlEINpI,UCwFRGieumnh1MrM5F3D65Tg,BGMI NEW SEASON 12 RANK PUSH | RUSH GAMES,2023-08-28T17:32:35Z
UUTJpu3sbKk,UCwFRGieumnh1MrM5F3D65Tg,"MARMORIS X-SUIT CRATE OPENING 60,000 UC | KYA MAX HOGA ?",2023-08-24T04:00:11Z
E2w91-H9yg4,UCwFRGieumnh1MrM5F3D65Tg,MARMORIS X-SUIT CRATE OPENING | BHARAT MATA KI JAI,2023-08-23T15:39:05Z
Wl-EpYN9Wvg,UCwFRGieumnh1MrM5F3D65Tg,BGMI NEW SEASON 12 RANK PUSH | RUSH GAMES,2023-08-22T16:27:09Z
spyq9CDtmZI,UCwFRGieumnh1MrM5F3D65Tg,BGMI NEW SEASON 12 RANK PUSH | RUSH GAMES,2023-08-21T17:18:06Z
wgw353oPQC8,UCwFRGieumnh1MrM5F3D65Tg,"NEW AKM SKIN CRATE OPENING 76,000 UC | KYA MAX HOGA ?",2023-08-20T04:00:11Z
8N_eSt0tBu8,UCwFRGieumnh1MrM5F3D65Tg,NEW BATTLE ROYALE GAME | RAIDER SIX,2023-08-19T11:53:40Z
4Ofn9rMymLI,UCwFRGieumnh1MrM5F3D65Tg,NEW AKM SKIN CRATE OPENING | BACK TO BACK CHICKEN TODAY : BGMI LIVE,2023-08-18T15:25:51Z
LizBWlXUQvQ,UCwFRGieumnh1MrM5F3D65Tg,NEW UPDATE : ONLY CHICKEN DINNER TODAY  | BGMI LIVE STREAM,2023-08-17T16:13:08Z
6KYO3Uv2BoE,UCwFRGieumnh1MrM5F3D65Tg,NEW UPDATE : ONLY CHICKEN DINNER TODAY  | BGMI LIVE STREAM,2023-08-16T16:14:53Z
aEBmLGKF8xE,UCwFRGieumnh1MrM5F3D65Tg,NEW BATTLE ROYALE GAME TODAY | RAIDER SIX | CHILL STREAM,2023-08-15T15:20:20Z
SpA0slrMqTo,UCwFRGieumnh1MrM5F3D65Tg,Chote Se Shoot Ke Liye 2 Din Travel kiya,2023-08-15T07:30:04Z
CW66oRaiZdQ,UCwFRGieumnh1MrM5F3D65Tg,NEW UPDATE : NEW MODE AND EVENT | BGMI LIVE STREAM,2023-08-12T15:45:39Z
m5SN5DTUZ2g,UCwFRGieumnh1MrM5F3D65Tg,51 kills wwcd 😼 | wish come true achievement ?,2023-08-12T05:30:18Z
Hur7VO7g6ZA,UCwFRGieumnh1MrM5F3D65Tg,NEW UPDATE : NEW MODE AND EVENT | BGMI LIVE STREAM,2023-08-11T16:48:24Z
Y-IoNBSEm2k,UCwFRGieumnh1MrM5F3D65Tg,Aggression Is The Passion To Win,2023-08-05T03:45:02Z
ew5jwhgnfmo,UCwFRGieumnh1MrM5F3D65Tg,ONE OF THE BEST EVENT OF MY LIFE,2023-08-01T05:30:12Z
uD12ci7he8Q,UCwFRGieumnh1MrM5F3D65Tg,Best Gaming Laptop? Let's unbox and know About HP OMEN Transcend 16,2023-07-31T13:53:02Z
YmZCnSyDAss,UCwFRGieumnh1MrM5F3D65Tg,S8UL GAMING FESTIVAL | DAY -1 |VLOG- THANKYOU BENGALURU ❤️,2023-07-31T04:30:13Z
W13-YrDvfPU,UCwFRGieumnh1MrM5F3D65Tg,"MASTERPIECE BUGATTI KE CHAKKAR ME 100,000 UC SE BHI ZYADA LAG GAYE",2023-07-29T04:15:08Z
br6ecbYueKk,UCwFRGieumnh1MrM5F3D65Tg,My sister bought a new car 💖,2023-07-26T08:30:08Z
gXB5BaSA0iI,UCwFRGieumnh1MrM5F3D65Tg,BUGATTI CRATE OPENING NOW | 50 RP GIVEAWAY | REGALTOS IS LIVE | BGMI,2023-07-24T16:26:35Z
OC2XyCDz1AE,UCwFRGieumnh1MrM5F3D65Tg,S8UL GAMING FEST | VALORANT TDM MATCH | DAY 3,2023-07-23T14:59:11Z
0X8EdhkyWmk,UCwFRGieumnh1MrM5F3D65Tg,1 VS 7 CAN I CLUTCH ? SOLO 17 KILLS CHICKEN,2023-07-21T05:00:07Z
pU78WkX5u8s,UCwFRGieumnh1MrM5F3D65Tg,CLASSIC RUSH GAMES | BGMI LIVE STREAM : ROAD TO 3 MILLION,2023-07-18T16:20:08Z
1Jw_pKWiry4,UCwFRGieumnh1MrM5F3D65Tg,FUN CUSTOM ROOMS IN BGMI🤣,2023-07-15T06:30:08Z
85GqC4sbmMo,UCwFRGieumnh1MrM5F3D65Tg,SOLO PUSH KARNE ME ALAG MAZA HAI #rush #regaltos #bgmi #bgmilive,2023-07-13T11:48:36Z
lY-duAiktPQ,UCwFRGieumnh1MrM5F3D65Tg,WORLD'S BEST SHAYARI 😅 WITH REGALTOS | PART 3 : BGMI MOBILE,2023-07-11T05:42:10Z
Evduup00J-E,UCwFRGieumnh1MrM5F3D65Tg,CLASSIC RUSH GAMES | BGMI GRIND : ROAD TO 3 MILLION,2023-07-10T17:26:24Z
zDlaXEMyPIw,UCwFRGieumnh1MrM5F3D65Tg,DANCE CHALLENGE | HE GAVE ME KILLS CHALLENGE AND THIS HAPPENED,2023-07-08T05:41:11Z
MtIiQtKe89c,UCwFRGieumnh1MrM5F3D65Tg,CLASSIC RUSH GAMES | BGMI GRIND : ROAD TO 3 MILLION,2023-07-07T17:54:28Z
z6ZD1_dt6lE,UCwFRGieumnh1MrM5F3D65Tg,UNEXPECTED GIFT TO @KrutikaPlays | CHICKEN PAR BUGATTI CHALLENGE,2023-07-06T06:45:08Z
OZcq4oIKWQ0,UCwFRGieumnh1MrM5F3D65Tg,CLASSIC RUSH GAMES | BGMI GRIND : ROAD TO 3 MILLION,2023-07-05T17:46:19Z
o99pb3Yw_us,UCwFRGieumnh1MrM5F3D65Tg,CLASSIC RUSH GAMES |BGMI GRIND : ROAD TO 3 MILLION,2023-07-04T16:34:34Z
F8OAmrmm4zU,UCwFRGieumnh1MrM5F3D65Tg,CRATE OPENING AISI KARO KI 4 LOG AGLI BAR KARNE SE DARE ! 30000 UC BARBAAD,2023-07-03T06:08:21Z
sepnWC4PyDQ,UCwFRGieumnh1MrM5F3D65Tg,CLASSIC RUSH GAMES  | BGMI LIVE STREAM | GYRO ALWAYS ON : ROAD TO 3 MILLION,2023-07-02T16:34:31Z
-QnDUm0qz-M,UCwFRGieumnh1MrM5F3D65Tg,GRIND IS ON | CLASSIC RUSH GAMES | BGMI : ROAD TO 3 MILLION,2023-07-01T17:16:37Z
xlFEbt0z2po,UCwFRGieumnh1MrM5F3D65Tg,CLASSIC RUSH GAMES |BGMI GRIND : ROAD TO 3 MILLION,2023-06-30T19:11:36Z
bfSIgoL1O6Y,UCwFRGieumnh1MrM5F3D65Tg,CLASSIC RUSH GAMES |BGMI GRIND : ROAD TO 3 MILLION,2023-06-29T18:05:26Z
DQ52vx1MY2I,UCwFRGieumnh1MrM5F3D65Tg,9 MINUTES OF HOW TO DIE LIKE PROS - REGALTOS : BGMI MOBILE,2023-06-28T05:42:08Z
h5eyuyk23M4,UCwFRGieumnh1MrM5F3D65Tg,CLASSIC RUSH GAMES |BGMI GRIND : ROAD TO 3 MILLION,2023-06-26T16:37:50Z
u-a8NA7F4xA,UCwFRGieumnh1MrM5F3D65Tg,CLASSIC RUSH GAMES |BGMI GRIND : ROAD TO 3 MILLION,2023-06-25T19:25:29Z
HZ3gpSUTviY,UCwFRGieumnh1MrM5F3D65Tg,OMEN Valorant All-Stars Showdown,2023-06-22T16:23:56Z
rulffHXLYfE,UCwFRGieumnh1MrM5F3D65Tg,He Gave Us Challenge For A Good Cause,2023-06-21T07:20:09Z
WOXJFFFBa8k,UCwFRGieumnh1MrM5F3D65Tg,CLASSIC RUSH GAMES |BGMI GRIND : ROAD TO 3 MILLION,2023-06-20T16:49:07Z
SXP0bdhLER0,UCwFRGieumnh1MrM5F3D65Tg,CLASSIC RUSH GAMES |BGMI GRIND : ROAD TO 3 MILLION,2023-06-18T19:38:13Z
LsVIqNH-BeE,UCwFRGieumnh1MrM5F3D65Tg,THE BGMI CLASSIC HIGH TIER LOBBY EXPERIENCE,2023-06-17T04:41:08Z
-b3MOVFiDvM,UCwFRGieumnh1MrM5F3D65Tg,CLASSIC RUSH GAMES |BGMI GRIND : ROAD TO 3 MILLION,2023-06-16T18:34:14Z
ZeqrOhpFFxg,UCwFRGieumnh1MrM5F3D65Tg,CLASSIC RUSH GAMES |BGMI GRIND : ROAD TO 3 MILLION,2023-06-14T19:03:02Z
NxzTOlVYvYs,UCwFRGieumnh1MrM5F3D65Tg,GRIND IS ON | CLASSIC RUSH GAMES | BGMI : ROAD TO 3 MILLION,2023-06-13T18:12:46Z
QzanOdDAkwA,UCwFRGieumnh1MrM5F3D65Tg,NEW SEASON RANK PUSH- RUSH GAMES | BGMI : ROAD TO 3 MILLION | !INSTA,2023-06-11T16:59:43Z
yULZLxACozA,UCwFRGieumnh1MrM5F3D65Tg,CLASSIC RUSH GAMES | RANK PUSH TO CONQUEROR | BGMI LIVE STREAM : ROAD TO 3 MILLION,2023-06-10T16:45:38Z
h6Jb5p5HcVg,UCwFRGieumnh1MrM5F3D65Tg,CLASSIC RUSH GAMES | RANK PUSH TO CONQUEROR | BGMI LIVE STREAM : ROAD TO 3 MILLION,2023-06-09T18:40:36Z
fYqrBvT7loc,UCwFRGieumnh1MrM5F3D65Tg,"70,000 UC CRATE OPENING🔥 | FINALLY GOT NEW X SUIT 🔥 | REGALTOS : BGMI",2023-06-09T05:41:10Z
MHeCiFNmhAc,UCwFRGieumnh1MrM5F3D65Tg,NEW X SUIT CRATE OPENING | CLASSIC RUSH GAMES : ROAD TO 3 MILLION,2023-06-08T17:56:57Z
FqmezheMxfg,UCwFRGieumnh1MrM5F3D65Tg,FUN TDM MATCH - OLD SOUL VS NEW SOUL,2023-06-06T05:41:12Z
-JlB6kaGr64,UCwFRGieumnh1MrM5F3D65Tg,CLASSIC RUSH GAMES | BGMI LIVE STREAM | ROAD TO 3 MILLION | #S8ULGOESJAPAN,2023-06-04T19:17:58Z
97Ajq1r2yQs,UCwFRGieumnh1MrM5F3D65Tg,CLASSIC RUSH GAMES | BGMI LIVE STREAM : ROAD TO 3 MILLION,2023-06-03T20:35:23Z
8N5y2nzaKWY,UCwFRGieumnh1MrM5F3D65Tg,BEAST COMBO TO GET MORE FINISHES IN BGMI (RANK PUSH) M249+M416,2023-06-03T04:40:11Z
NaCRstquDB4,UCwFRGieumnh1MrM5F3D65Tg,CLASSIC RUSH GAMES | BGMI LIVE STREAM : ROAD TO 3 MILLION,2023-06-02T18:51:22Z
n8cnKdzuAAA,UCwFRGieumnh1MrM5F3D65Tg,CLASSIC RUSH GAMES | BGMI LIVE STREAM : ROAD TO 3 MILLION,2023-06-01T18:44:50Z
lm1FyTwahk0,UCwFRGieumnh1MrM5F3D65Tg,NEW ROYAL PASS : CLASSIC RUSH GAMES | BGMI LIVE STREAM | ROAD TO 3 MILLION,2023-05-31T17:25:34Z
E3iRSgvJjAc,UCwFRGieumnh1MrM5F3D65Tg,CLASSIC RUSH GAMES | BGMI LIVE STREAM : ROAD TO 3 MILLION,2023-05-30T17:41:21Z
oaAwShMaWMM,UCwFRGieumnh1MrM5F3D65Tg,CLASSIC RUSH GAMES | BGMI LIVE STREAM,2023-05-29T16:10:28Z
mpgpI3KmGyk,UCwFRGieumnh1MrM5F3D65Tg,The Game That Made Me Who I Am Today,2023-05-28T12:30:10Z
NHAiw1fP_OE,UCwFRGieumnh1MrM5F3D65Tg,We surprised him 💖,2023-05-25T05:41:08Z
wTUCqpvof_Q,UCwFRGieumnh1MrM5F3D65Tg,LETS PLAY VALORANT | RANK PUSH | REGALTOS IS LIVE,2023-05-24T17:26:46Z
XFrSDIX3LZA,UCwFRGieumnh1MrM5F3D65Tg,LETS PLAY VALORANT |5 VS 5 WITH S8UL | REGALTOS IS LIVE,2023-05-22T19:06:44Z
zj-yW0nQ55g,UCwFRGieumnh1MrM5F3D65Tg,WE WOKE UP TO THIS GOOD NEWS,2023-05-20T05:30:08Z
5LwZNJxVv5I,UCwFRGieumnh1MrM5F3D65Tg,WE WENT SHOPPING FOR OUR NEXT TRIP,2023-05-19T05:41:09Z
5ZQIep4Hd28,UCwFRGieumnh1MrM5F3D65Tg,We are going on a trip 😍,2023-05-17T04:00:03Z
Pwxcl70o4Gg,UCwFRGieumnh1MrM5F3D65Tg,LETS PLAY VALORANT |5 VS 5 WITH S8UL | REGALTOS IS LIVE,2023-05-14T18:36:00Z
7QQTjGn0DUo,UCwFRGieumnh1MrM5F3D65Tg,Mumbai Se Aya Mera Dost,2023-05-13T07:01:22Z
KoAxCS3FIwI,UCwFRGieumnh1MrM5F3D65Tg,GTA V ROLEPLAY WITH MASOOM | REGALTOS IS LIVE | RP,2023-05-11T20:43:59Z
fkyX9xp3A58,UCwFRGieumnh1MrM5F3D65Tg,LETS PLAY VALORANT | RANK PUSH HOGA AAJ | REGALTOS IS LIVE,2023-05-10T19:31:18Z
51dpRNfHKYA,UCwFRGieumnh1MrM5F3D65Tg,Chipkali Ne Kiya Ghar Ko Pareshan,2023-05-09T03:30:02Z
8iDwL8zw-Xk,UCwFRGieumnh1MrM5F3D65Tg,VALO 5v5 NOW | GTA RP DONE || REGALTOS IS LIVE,2023-05-08T19:40:35Z
bchADJSCkK0,UCwFRGieumnh1MrM5F3D65Tg,GTA V ROLEPLAY WITH MASOOM | REGALTOS IS LIVE | RP,2023-05-06T20:02:12Z
IbcbCNIl_NA,UCwFRGieumnh1MrM5F3D65Tg,GTA V ROLEPLAY WITH MASOOM | REGALTOS IS LIVE | RP,2023-05-04T19:15:34Z
5FqirsKE9D0,UCwFRGieumnh1MrM5F3D65Tg,Finally Apna Gaming Room Banwaraha hu,2023-05-03T03:30:03Z
6QgDCx-nXgM,UCwFRGieumnh1MrM5F3D65Tg,GTA V ROLEPLAY WITH MASOOM | REGALTOS IS LIVE | RP,2023-05-02T18:15:03Z
i6Ul-bCqIJI,UCwFRGieumnh1MrM5F3D65Tg,LETS PLAY VALORANT | 5 VS 5 WITH S8UL | REGALTOS IS LIVE,2023-05-01T20:44:06Z
2WhXy18TbDM,UCwFRGieumnh1MrM5F3D65Tg,GTA V ROLEPLAY WITH MASOOM | REGALTOS IS LIVE | RP,2023-04-30T18:18:08Z
57Ake3Ue8AQ,UCwFRGieumnh1MrM5F3D65Tg,VISITED @Jokerkihavelii HOUSE,2023-04-25T10:33:57Z
A38x7aCP2lQ,UCwFRGieumnh1MrM5F3D65Tg,I MET ONE OF MY FANS,2023-04-22T03:55:00Z
8-_2eQoc3QM,UCwFRGieumnh1MrM5F3D65Tg,LETS PLAY VALORANT | RANK PUSH WITH RANDOMS | REGALTOS IS LIVE,2023-04-15T16:46:35Z
xZxy8gp_zWc,UCwFRGieumnh1MrM5F3D65Tg,MASOOM IN THE CITY  | REGALTOS IS LIVE | SOULCITY RP,2023-04-14T17:15:07Z
XjOmBLH-YfA,UCwFRGieumnh1MrM5F3D65Tg,My First Reel To Reach 5Lacs Likes 😳,2023-04-13T03:45:01Z
wnn8hOlbpHw,UCwFRGieumnh1MrM5F3D65Tg,RP NOW | VALORANT DONE | REGALTOS IS LIVE,2023-04-10T12:17:36Z
CxjN5mxwMNY,UCwFRGieumnh1MrM5F3D65Tg,Shift Hona Pad Sakta Hai ?,2023-04-09T08:28:05Z
2haMpnq4mao,UCwFRGieumnh1MrM5F3D65Tg,LETS PLAY VALORANT | RANK PUSH WITH RANDOMS | REGALTOS IS LIVE,2023-04-07T14:54:28Z
u5cMWCQtY8c,UCwFRGieumnh1MrM5F3D65Tg,Very Serious Rank Push Today | Regaltos is live,2023-04-06T17:18:40Z
MWn8stnv2VQ,UCwFRGieumnh1MrM5F3D65Tg,Introducing Masoom In The City #lifeinsoulcity,2023-04-05T13:30:10Z
oP8w_EOhscY,UCwFRGieumnh1MrM5F3D65Tg,We Challenged Them,2023-03-31T04:47:42Z
NVv577yC_Aw,UCwFRGieumnh1MrM5F3D65Tg,We Are Back From Shoot,2023-03-26T03:30:04Z
y3wFjGX_Lgc,UCwFRGieumnh1MrM5F3D65Tg,Humne Banayi Team,2023-03-24T05:55:06Z
NkkkgXkqX1I,UCwFRGieumnh1MrM5F3D65Tg,Thug Reacts On My Car,2023-03-23T06:38:48Z
fO2F06A5iPQ,UCwFRGieumnh1MrM5F3D65Tg,Shopping Day Out With Snax,2023-03-22T03:30:11Z
SPGIX-nE9PY,UCwFRGieumnh1MrM5F3D65Tg,We Went Out For Dinner | Goldy Bhai Watch Collection,2023-03-21T03:30:14Z
_KwWcp5Qms8,UCwFRGieumnh1MrM5F3D65Tg,New Game Today | @roadtovalorempiresin_official  | Regaltos Is Live,2023-03-20T16:33:52Z
I76UVia1AsY,UCwFRGieumnh1MrM5F3D65Tg,Live : Human Fall Flat Now And Valorant 5 vs 5,2023-03-19T19:50:28Z
CPqgiHlNscQ,UCwFRGieumnh1MrM5F3D65Tg,We Went For Breakfast,2023-03-16T07:36:21Z
SOShyF_VcOk,UCwFRGieumnh1MrM5F3D65Tg,New Game Today | Road to Valor : Empires | Regaltos Is Live,2023-03-15T16:42:23Z
7VwwXUGpW78,UCwFRGieumnh1MrM5F3D65Tg,She Got Me A New Phone,2023-03-13T06:46:18Z
rOx5mr8yqYo,UCwFRGieumnh1MrM5F3D65Tg,Now She Has To Buy Me This,2023-03-12T06:17:40Z
aeuJgy6RYzw,UCwFRGieumnh1MrM5F3D65Tg,Dominate 3.0 with OnePlus 11R 5G,2023-03-11T17:59:22Z
duc-_xR5Ku0,UCwFRGieumnh1MrM5F3D65Tg,Should I Buy New Phone For Vlogging,2023-03-10T05:36:32Z
deaJScbYKpw,UCwFRGieumnh1MrM5F3D65Tg,"NEW AGENT , NEW SKIN | HAPPY HOLI EVERYONE",2023-03-08T17:48:33Z
3jTGcJuyfV4,UCwFRGieumnh1MrM5F3D65Tg,Very Serious Rank Push Today | Regaltos is live,2023-03-01T20:15:50Z
zicqY1ZkHR0,UCwFRGieumnh1MrM5F3D65Tg,You Won't Believe This!,2023-02-27T14:49:14Z
cggPXOUG9BA,UCwFRGieumnh1MrM5F3D65Tg,WE WENT TO WATCH S8UL X GE  VALORANT MATCH,2023-02-26T05:03:26Z
tZgaPOp0Grc,UCwFRGieumnh1MrM5F3D65Tg,100 IQ LAGAYEGE AAJ IMPOSTOR  KO DHUNDHNE ME | GOD LEVEL CREWMATE IS BACK,2023-02-25T21:01:43Z
bjgtOW8yy80,UCwFRGieumnh1MrM5F3D65Tg,GTA V LIVE WITH REGALTOS || CHILL STREAM,2023-02-24T18:03:23Z
XdY067Re-jE,UCwFRGieumnh1MrM5F3D65Tg,ROCKET LEAGUE  | CHILL STREAM : REGALTOS IS LIVE,2023-02-22T18:41:01Z
b-BU0cUUdxM,UCwFRGieumnh1MrM5F3D65Tg,100 IQ LAGAYEGE AAJ IMPOSTOR  KO DHUNDHNE ME | GOD LEVEL CREWMATE IS BACK,2023-02-19T21:38:41Z
2ORbSBG8eOw,UCwFRGieumnh1MrM5F3D65Tg,ROCKET LEAGUE  | CHILL STREAM : REGALTOS IS LIVE,2023-02-17T18:16:46Z
o2dtG5vgKWA,UCwFRGieumnh1MrM5F3D65Tg,MASOOM CREWMATE IS BACK | REGALTOS IS LIVE,2023-02-16T20:08:43Z
3_AF-kI1lIM,UCwFRGieumnh1MrM5F3D65Tg,THATS HOW MY DAY GOES IN GAMING HOUSE,2023-02-15T04:45:30Z
ckUtpT1p_Yc,UCwFRGieumnh1MrM5F3D65Tg,5 vs 5  VALORANT | CHILL STREAM : REGALTOS IS LIVE,2023-02-14T21:17:07Z
a4T5N46_kyc,UCwFRGieumnh1MrM5F3D65Tg,SECOND DAY IN IMMORTAL LOBBY  | CHILL STREAM : RANK PUSH WITH REGALTOS,2023-02-12T09:26:14Z
BjJwLjgvueU,UCwFRGieumnh1MrM5F3D65Tg,MASOOM IN THE CITY | ROCKET LEAGUE AT 10 PM | CHILL STREAM,2023-02-09T19:30:43Z
pwS6z9AeWWY,UCwFRGieumnh1MrM5F3D65Tg,RP NOW | VALORANT DONE : CHILL STREAM,2023-02-07T17:54:47Z
p7UNQ0Wxb60,UCwFRGieumnh1MrM5F3D65Tg,NEW STRATEGY WITH NEW SQUAD TO WIN TODAY | CHILL STREAM : RANK PUSH WITH REGALTOS,2023-02-04T18:40:54Z
sPyDeQMBS98,UCwFRGieumnh1MrM5F3D65Tg,NEW STRATEGY TO WIN TODAY | CHILL STREAM : RANK PUSH WITH REGALTOS,2023-02-03T16:13:06Z
q4--6uiI7dw,UCwFRGieumnh1MrM5F3D65Tg,RANK PUSH WITH RANDOMS | CHILL STREAM,2023-02-02T17:16:59Z
NNaiS-bSBo8,UCwFRGieumnh1MrM5F3D65Tg,NEW CAR | KARENGE ROBERRY IN GTA V | REGALTOS IS LIVE | VLT RP,2023-02-01T16:53:51Z
yqPxgT3JgNY,UCwFRGieumnh1MrM5F3D65Tg,ALMOST CLUTCHED THE GAME || AMONG US HIGHLIGHTS,2023-01-29T07:04:34Z
YUI_P3NehzA,UCwFRGieumnh1MrM5F3D65Tg,LIVE ! VALORANT : RANK PUSH WITH REGALTOS,2023-01-28T19:16:19Z
PavHzg2OSzg,UCwFRGieumnh1MrM5F3D65Tg,AMONG US - Chill Stream | Masoom Crew mate,2023-01-27T18:46:01Z
2nW6OLccDcU,UCwFRGieumnh1MrM5F3D65Tg,THE PERFECT REVENGE || AMONG US HIGHLIGHTS,2023-01-26T09:39:56Z
McEv6eJOZyM,UCwFRGieumnh1MrM5F3D65Tg,VLOG- SHE IS FINE,2023-01-25T03:30:07Z
1zv5GkzmvXc,UCwFRGieumnh1MrM5F3D65Tg,AMONG US - Chill Stream | Masoom Crew mate,2023-01-21T20:23:56Z
iELl8gRikno,UCwFRGieumnh1MrM5F3D65Tg,@8bitMAMBA AND @KrutikaPlays  REACTED TO MY NEW CAR,2023-01-21T07:43:30Z
K7Ixf66bWyU,UCwFRGieumnh1MrM5F3D65Tg,NEW STATE :  LETS PUSH RANK IN THIS GAME |  REGALTOS IS LIVE,2023-01-19T17:36:10Z
Z3-cJ7HLgrU,UCwFRGieumnh1MrM5F3D65Tg,LIVE ! VALORANT : GRIND WITH REGALTOS,2023-01-18T18:45:34Z
a3Iqp7Xd7O0,UCwFRGieumnh1MrM5F3D65Tg,COURT HEARING DAY | KYA HOGA AB ? GTA V LIVE WITH REGALTOS,2023-01-15T18:12:50Z
eP5hl29G-gE,UCwFRGieumnh1MrM5F3D65Tg,AAGE KYA HOGA ? GTA V LIVE WITH REGALTOS,2023-01-14T18:20:47Z
B0gB1iebRjw,UCwFRGieumnh1MrM5F3D65Tg,S.W.A.T RAID AT GROOVE | GTA V ROLEPLAY | VLTRP,2023-01-11T17:51:07Z
uAGPLryd2g4,UCwFRGieumnh1MrM5F3D65Tg,"NEW DAY , NEW STORY IN THIS CITY  | REGALTOS IS LIVE | VLT RP",2023-01-08T17:14:23Z
APNx3EH1GxA,UCwFRGieumnh1MrM5F3D65Tg,THIS IS WHY YOU SHOULD NEVER BACKSTAB Ft. @KrutikaPlays,2023-01-08T04:33:08Z
vitCRux4FQg,UCwFRGieumnh1MrM5F3D65Tg,NEW MAP EARLY ACCESS - LOTUS  | 5 VS 5 VALORANT WITH REGALTOS,2023-01-06T20:49:34Z
Ueb4gXDEP7o,UCwFRGieumnh1MrM5F3D65Tg,WAQT HI TO HAI....,2023-01-06T04:30:10Z
J9FvlGSkJ3k,UCwFRGieumnh1MrM5F3D65Tg,NEW STRATEGY TO WIN TODAY  | RANK PUSH WITH REGALTOS,2023-01-05T18:16:50Z
TxAcxeFyCTo,UCwFRGieumnh1MrM5F3D65Tg,NEW STRATEGY TO WIN TODAY  | RANK PUSH WITH REGALTOS,2023-01-03T18:51:15Z
4SpgbfHt1r0,UCwFRGieumnh1MrM5F3D65Tg,HAPPY NEW YEAR STREAM | VALORANT LIVE WITH REGALTOS,2023-01-02T18:50:35Z
H-T1DIBuvEE,UCwFRGieumnh1MrM5F3D65Tg,Rewind 2022: Some of the best moments,2023-01-01T12:22:36Z
M3Bb7h89dEQ,UCwFRGieumnh1MrM5F3D65Tg,HOW TO PLAY AMONG US IN SOUTH MOVIE VERSION,2022-12-26T07:07:58Z
ndNGAj4c_nA,UCwFRGieumnh1MrM5F3D65Tg,BEST BROTHER IN THE WORLD KE SETUP SE STREAM | REGALTOS IS LIVE,2022-12-24T15:12:58Z
hss4sUwwAiA,UCwFRGieumnh1MrM5F3D65Tg,"NEW DAY , NEW STORY IN THIS CITY  | REGALTOS IS LIVE | VLT RP",2022-12-16T18:37:39Z
5zd_F1gt30c,UCwFRGieumnh1MrM5F3D65Tg,BEST ARSONIST CLUTCH || AMONG US HIGHLIGHT,2022-12-15T03:30:00Z
fvMDrvS_Eo0,UCwFRGieumnh1MrM5F3D65Tg,THE STREAM YOU ALL WAITED FOR,2022-12-14T13:13:28Z
sbcvLHJkgUQ,UCwFRGieumnh1MrM5F3D65Tg,Surprise Birthday Gift,2022-12-13T05:00:08Z
45yKhduUePo,UCwFRGieumnh1MrM5F3D65Tg,FIRST HIDE AND SEEK WIN | S8UL AMONG US,2022-12-12T06:44:00Z
8l3wOe0HqWM,UCwFRGieumnh1MrM5F3D65Tg,MASOOM CREWMATE IS BACK | REGALTOS IS LIVE,2022-12-11T20:44:03Z
7UW9cGbtiLI,UCwFRGieumnh1MrM5F3D65Tg,BEST IMPOSTOR DUO | AMONG US HIGHLIGHTS,2022-12-11T03:56:41Z
GIArMsHBSzY,UCwFRGieumnh1MrM5F3D65Tg,MASOOM CREWMATE IS BACK | REGALTOS IS LIVE,2022-12-08T19:54:47Z
ize2rmse4eU,UCwFRGieumnh1MrM5F3D65Tg,VALORANT RANK PUSH TO IMMORTAL | REGALTOS IS LIVE,2022-12-06T18:33:46Z
HIeEmkoUQGg,UCwFRGieumnh1MrM5F3D65Tg,JESTER VS SHERIFF ft @Jokerkihavelii || AMONG US HIGHLIGHT,2022-12-06T03:30:08Z
4eAcB0YIc30,UCwFRGieumnh1MrM5F3D65Tg,MASOOM CREWMATE IS BACK | REGALTOS IS LIVE,2022-12-04T19:05:53Z
V0bS-6yYLWU,UCwFRGieumnh1MrM5F3D65Tg,GTA V LIVE WITH REGALTOS || CHILL STREAM,2022-12-01T19:05:02Z
gwop4oZaa_I,UCwFRGieumnh1MrM5F3D65Tg,CHIT CHAT STREAM ? REGALTOS IS LIVE  | CHILL STREAM,2022-11-28T15:45:27Z
gVAB72yGm2w,UCwFRGieumnh1MrM5F3D65Tg,MASOOM SHAYAR IN THE CITY | CHILL STREAM | GTA V RP WITH REGALTOS,2022-11-23T19:08:24Z
lXCgjrBqj1c,UCwFRGieumnh1MrM5F3D65Tg,MASOOM IN THE CITY | CHILL STREAM | GTA V RP WITH REGALTOS,2022-11-22T18:28:06Z
_IxXuytacjY,UCwFRGieumnh1MrM5F3D65Tg,achha laga itne logo ko dekh kar,2022-11-21T09:17:48Z
UXeFDbCHT8E,UCwFRGieumnh1MrM5F3D65Tg,Got a new phone,2022-11-17T07:53:05Z
LERm85xwETY,UCwFRGieumnh1MrM5F3D65Tg,MASOOM IN THE CITY | CHILL STREAM | GTA V RP WITH REGALTOS,2022-11-16T18:03:00Z
_emmejCRyTE,UCwFRGieumnh1MrM5F3D65Tg,MASOOM IN THE CITY | CHILL STREAM | GTA V RP WITH REGALTOS,2022-11-15T17:45:51Z
4gxjQqLlFTY,UCwFRGieumnh1MrM5F3D65Tg,GANG UPDATE TODAY | MASOOM IN THE CITY | GTA V RP WITH REGALTOS,2022-11-14T18:17:47Z
WhIWgPNbFBo,UCwFRGieumnh1MrM5F3D65Tg,MASOOM IN THE CITY| JOINED BALLAS | GTA V RP WITH REGALTOS,2022-11-13T18:06:52Z
yCfpvtbbXqU,UCwFRGieumnh1MrM5F3D65Tg,MASOOM IN THE CITY | GTA V RP WITH REGALTOS,2022-11-11T19:02:41Z
IWcNMHPbuEk,UCwFRGieumnh1MrM5F3D65Tg,BEST ESCAPER IN TOWN?? GTA 5 HIGHLIGHTS,2022-11-10T04:31:02Z
SXI71TsWgnQ,UCwFRGieumnh1MrM5F3D65Tg,MASOOM IN THE CITY | GTA V RP WITH REGALTOS | CHILL STREAM,2022-11-08T17:40:09Z
OfxVgHs9u1c,UCwFRGieumnh1MrM5F3D65Tg,MASOOM IN THE CITY | GTA V RP WITH REGALTOS,2022-11-07T15:42:16Z
FYDdwLNJ2ZQ,UCwFRGieumnh1MrM5F3D65Tg,HOW NOT TO HACK FT MASOOM SHAYAR,2022-11-06T05:08:56Z
Qo57u6ht9xk,UCwFRGieumnh1MrM5F3D65Tg,Surprise Gift for Mummy,2022-11-04T06:15:43Z
ADYsLufkjo4,UCwFRGieumnh1MrM5F3D65Tg,WHY I AM NOT STREAMING ? #vlog,2022-11-01T03:00:02Z
HojI0o-XfLo,UCwFRGieumnh1MrM5F3D65Tg,MASOOM IN THE CITY | GTA V RP WITH REGALTOS,2022-10-31T19:13:51Z
O8O_yTzvkow,UCwFRGieumnh1MrM5F3D65Tg,ARA HU RANK PUSH KARNE WITH @gafy  | REGALTOS IS LIVE,2022-10-29T15:39:23Z
5oZ8Yqh1TjI,UCwFRGieumnh1MrM5F3D65Tg,Daily Vlog?,2022-10-28T13:20:04Z
6mi0mxD7Rnw,UCwFRGieumnh1MrM5F3D65Tg,MASOOM IN CITY | BEST ESCAPER IN TOWN | GTA V LIVE WITH REGALTOS | CHILL STREAM,2022-10-21T19:00:45Z
Dql0LtbQAAg,UCwFRGieumnh1MrM5F3D65Tg,MASOOM VS @8bitMafia  || AMONG US HIGHLIGHTS,2022-10-18T05:02:44Z
WYZ3GSlFPlc,UCwFRGieumnh1MrM5F3D65Tg,DARE CHALLENGE WITH MY SISTER,2022-10-16T05:30:11Z
Mm_MOl7mLrU,UCwFRGieumnh1MrM5F3D65Tg,NEW ROLE IN AMONG US || AMONG US HIGHLIGHTS,2022-10-15T03:30:11Z
LluSmTLl0l8,UCwFRGieumnh1MrM5F3D65Tg,WHEN YOUR IMPOSTOR PARTNER IS @8bitbeg4mercy2,2022-10-14T05:45:08Z
1DcySb8BptM,UCwFRGieumnh1MrM5F3D65Tg,MASOOM CREWMATE IS BACK | REGALTOS IS LIVE,2022-10-12T19:41:57Z
0NZv_oVhjfU,UCwFRGieumnh1MrM5F3D65Tg,MOST UNLUCKY IMPOSTOR || AMONG US HIGHLIGHTS,2022-10-12T05:00:13Z
QL_wy3pmP6U,UCwFRGieumnh1MrM5F3D65Tg,ROAD TO ASCENDANT | REGALTOS IS LIVE,2022-10-11T16:58:11Z
HJYwM4TqG38,UCwFRGieumnh1MrM5F3D65Tg,IMPOSTOR WIN AFTER LONG TIME || AMONG US HIGHLIGHTS,2022-10-10T04:00:14Z
8_N6Yo6CnuM,UCwFRGieumnh1MrM5F3D65Tg,REGALTOS IS LIVE | BEST CREWMATE IN AMONG US,2022-10-09T19:02:05Z
N7LVLeUrgio,UCwFRGieumnh1MrM5F3D65Tg,REGALTOS IS LIVE | BEST CREWMATE IN AMONG US,2022-10-08T19:47:40Z
_JC6yp5gLm8,UCwFRGieumnh1MrM5F3D65Tg,MASOOM IN CITY | GTA V LIVE WITH REGALTOS | CHILL STREAM,2022-10-07T17:40:53Z
PXGYgw24T9U,UCwFRGieumnh1MrM5F3D65Tg,"REGALTOS IS LIVE : CHILL STREAM | PLAYING VALORANT , GTA LATER",2022-09-28T19:46:42Z
NyRt685zx1w,UCwFRGieumnh1MrM5F3D65Tg,MY FIRST EVER MEET-UP,2022-09-28T03:00:13Z
5bva4QVKhrI,UCwFRGieumnh1MrM5F3D65Tg,RANK PUSH TO DIAMOND | REGALTOS IS LIVE : CHILL STREAM,2022-09-26T19:23:32Z
OzLLJAf8Ls8,UCwFRGieumnh1MrM5F3D65Tg,MAZEBANK ROBBERY || GTA 5 HIGHLIGHTS,2022-09-26T05:08:22Z
4GScgOVFEic,UCwFRGieumnh1MrM5F3D65Tg,MEET-UP UPDATE | BACK FROM AWARD SHOW | PLAYING VALORANT,2022-09-21T16:53:15Z
DJALWuM9Z4o,UCwFRGieumnh1MrM5F3D65Tg,WORST GAMEPLAY AS IMPOSTOR || AMONG US HIGHLIGHTS,2022-09-20T05:00:33Z
UE15dU1do_w,UCwFRGieumnh1MrM5F3D65Tg,FUNNY FAILS IN AMONG US,2022-09-18T12:00:12Z
begEDmraavE,UCwFRGieumnh1MrM5F3D65Tg,UNBOXING COOLEST PHONE IN THIS BUDGET | POCO M5,2022-09-15T13:37:29Z
FKpXnSLLH6Y,UCwFRGieumnh1MrM5F3D65Tg,WHEN MASOOM BECOMES ENGINEER || AMONG US HIGHLIGHTS,2022-09-15T04:30:11Z
W9v5ZO0bBlM,UCwFRGieumnh1MrM5F3D65Tg,REGALTOS IS LIVE | BEST CREWMATE IN AMONG US,2022-09-13T20:10:21Z
FRSBWbymoeM,UCwFRGieumnh1MrM5F3D65Tg,WHEN MASOOM BECOMES IMPOSTER ​,2022-09-05T04:15:12Z
wnoTdz6YCU8,UCwFRGieumnh1MrM5F3D65Tg,I TOOK REVENGE FROM @PAYALGAMING  IN AMONG US,2022-09-03T04:30:11Z
3ggka4Db52A,UCwFRGieumnh1MrM5F3D65Tg,BEST GAME TO PLAY WITH FRIENDS,2022-09-02T05:00:10Z
MfSJtKmY3ys,UCwFRGieumnh1MrM5F3D65Tg,REGALTOS IS LIVE | BEST CREWMATE IN AMONG US,2022-09-01T19:23:44Z
A0VW8X3yFBQ,UCwFRGieumnh1MrM5F3D65Tg,MOST HUMBLE IMPOSTOR || AMONG US HIGHLIGHTS,2022-08-31T04:31:39Z
fQjrV4iYJ3k,UCwFRGieumnh1MrM5F3D65Tg,REGALTOS IS LIVE | PLAYING VALORANT,2022-08-30T19:17:40Z
ljM70-7aYMY,UCwFRGieumnh1MrM5F3D65Tg,AMONG US - Chill Stream | Masoom Crew mate,2022-08-28T19:51:05Z
JQeEhN-R6dQ,UCwFRGieumnh1MrM5F3D65Tg,AMONG US - Chill Stream | Masoom Crew mate,2022-08-27T19:44:58Z
3tDZeDyCgs8,UCwFRGieumnh1MrM5F3D65Tg,BEST SHAPESHIFTER IN AMONG US || IMPOSTER HIGHLIGHTS,2022-08-27T07:40:19Z
F-8MZdg_ujE,UCwFRGieumnh1MrM5F3D65Tg,NEW VLOG AFTER SO LONG.,2022-08-26T05:30:15Z
X7FuYf4xLdA,UCwFRGieumnh1MrM5F3D65Tg,AMONG US - Chill Stream | Masoom Crew mate,2022-08-24T21:46:10Z
ACqmg32ZQko,UCwFRGieumnh1MrM5F3D65Tg,REGALTOS IS LIVE : PLAYING VALORANT | AMONG US LATER,2022-08-23T17:25:37Z
b269jq8T_XI,UCwFRGieumnh1MrM5F3D65Tg,REGALTOS IS LIVE | PLAYING VALORANT,2022-08-22T18:17:45Z
UNk1w_cA83w,UCwFRGieumnh1MrM5F3D65Tg,@MortaLyt  took Yellow || PICO PARK HIGHLIGHTS,2022-08-17T04:00:19Z
UgEewAQFJak,UCwFRGieumnh1MrM5F3D65Tg,HAPPY INDEPENDENCE DAY| AMONG US - Chill Stream | Masoom Crew mate,2022-08-15T19:20:24Z
tVzhIZjF0h8,UCwFRGieumnh1MrM5F3D65Tg,HOW NOT TO BE AN IMPOSTER || SHORTEST IMPOSTER GAME EVER,2022-08-15T04:00:13Z
jz96O9Z3P5E,UCwFRGieumnh1MrM5F3D65Tg,PICO PARK : LIVE WITH REGALTOS,2022-08-14T18:47:27Z
ItTO9PX9lUI,UCwFRGieumnh1MrM5F3D65Tg,NEW RACES WITH NEW GANG : LIVE WITH REGALTOS,2022-08-13T19:41:36Z
L3Md1fWCU6Y,UCwFRGieumnh1MrM5F3D65Tg,GTA V LIVE WITH REGALTOS || CHILL STREAM,2022-08-12T19:11:25Z
lQB2QfVYrP4,UCwFRGieumnh1MrM5F3D65Tg,WORLD'S MOST FRUSTRATING GAME || GETTING OVER IT HIGHLIGHTS,2022-08-11T04:00:19Z
XTBe6MU5f10,UCwFRGieumnh1MrM5F3D65Tg,MASOOM IN THE CITY  | REGALTOS IS LIVE | VLT RP,2022-08-10T17:51:04Z
FbGAa5CDGP0,UCwFRGieumnh1MrM5F3D65Tg,FUNNIEST GAME YOU WILL FIND ON INTERNET,2022-08-10T06:04:32Z
4lzBQDlmWT8,UCwFRGieumnh1MrM5F3D65Tg,MASOOM THE IMPOSTOR || AMONG US HIGHLIGHTS,2022-08-09T04:15:14Z
aRsESRyVILE,UCwFRGieumnh1MrM5F3D65Tg,GTA V ROLEPLAY: REGALTOS IS LIVE,2022-08-08T18:12:35Z
HWBRAKK8cWg,UCwFRGieumnh1MrM5F3D65Tg,AMONG US - Chill Stream | Masoom Crew mate,2022-08-05T19:26:19Z
BX5n_nDVRew,UCwFRGieumnh1MrM5F3D65Tg,NEW STATE :  LETS PUSH RANK IN THIS GAME |  REGALTOS IS LIVE,2022-08-04T16:40:18Z
VZKALSyztUI,UCwFRGieumnh1MrM5F3D65Tg,NEW CAFE OF RANI | MASOOM IN GTA V  | REGALTOS IS LIVE | VLT RP,2022-08-03T17:38:50Z
nQreLUPniFk,UCwFRGieumnh1MrM5F3D65Tg,FIRST GRUPPE OF MASOOM ? GTA V | REGALTOS IS LIVE || VLT RP,2022-08-01T17:35:42Z
bLKUDTUYhhI,UCwFRGieumnh1MrM5F3D65Tg,BEST CREWMATE RETURNS - PART 2 || AMONG US HIGHLIGHTS,2022-08-01T05:44:50Z
RqtEP_7Vhuc,UCwFRGieumnh1MrM5F3D65Tg,NEW STATE :  LETS PUSH RANK IN THIS GAME |  REGALTOS IS LIVE,2022-07-31T16:36:04Z
mzzrGFJz8jw,UCwFRGieumnh1MrM5F3D65Tg,NEW STATE :  LETS PUSH RANK IN THIS GAME |  REGALTOS IS LIVE,2022-07-30T17:04:51Z
przXgwAUsT0,UCwFRGieumnh1MrM5F3D65Tg,FIRST BANK ROBERRY ?  MASOOM IN GTA V | REGALTOS IS LIVE | VLT RP,2022-07-29T18:07:56Z
VSW_OAddi4U,UCwFRGieumnh1MrM5F3D65Tg,NEW BUSINESS FOR MASOOM IN GTA  | REGALTOS IS LIVE | VLT RP,2022-07-28T18:24:40Z
fDUNH-LBZL8,UCwFRGieumnh1MrM5F3D65Tg,SOLO 21 Finishes | 41 Squad Finishes || Still Not MVP?,2022-07-28T04:15:09Z
9HRiX9rbzog,UCwFRGieumnh1MrM5F3D65Tg,NEW SEASON IS HERE : BGMI RANK PUSH AND GRIND | REGALTOS IS LIVE,2022-07-27T17:09:44Z
x-CSTTuswi4,UCwFRGieumnh1MrM5F3D65Tg,⁩HOW NOT TO RANK PUSH WITH FRIENDS IN BGMI || *Funny Highlights*,2022-07-27T08:43:01Z
DU5KdEZAsTc,UCwFRGieumnh1MrM5F3D65Tg,NEW SEASON IS HERE : BGMI RANK PUSH AND GRIND | REGALTOS IS LIVE,2022-07-26T18:46:34Z
_KvriJ6A1MM,UCwFRGieumnh1MrM5F3D65Tg,NEW SEASON IS HERE : BGMI RANK PUSH AND GRIND | REGALTOS IS LIVE,2022-07-25T13:41:07Z
rSl5YAWqzgM,UCwFRGieumnh1MrM5F3D65Tg,"NEW DAY , NEW STORY IN THIS CITY  | REGALTOS IS LIVE | VLT RP",2022-07-24T18:29:47Z
Pk_dPd87bMU,UCwFRGieumnh1MrM5F3D65Tg,ENGLISH SPEAKING CHALLENGE || PART 2,2022-07-24T05:12:18Z
kR66TmDpfBI,UCwFRGieumnh1MrM5F3D65Tg,NEW SEASON IS HERE : BGMI RANK PUSH AND GRIND | REGALTOS IS LIVE,2022-07-23T17:37:22Z
kkNIWrHh3x0,UCwFRGieumnh1MrM5F3D65Tg,SAVED @MortaLyt  TWICE || *Intense*,2022-07-23T05:19:27Z
iZw7m5WBS80,UCwFRGieumnh1MrM5F3D65Tg,NEW CAR | KARENGE ROBERRY IN GTA V | REGALTOS IS LIVE | VLT RP,2022-07-22T17:56:44Z
E5e-Px06m2M,UCwFRGieumnh1MrM5F3D65Tg,Found MORTAL IN NEW MODE,2022-07-22T05:23:06Z
haKiMOWL_cE,UCwFRGieumnh1MrM5F3D65Tg,NEW SEASON IS HERE : BGMI RANK PUSH AND GRIND | REGALTOS IS LIVE,2022-07-21T19:25:32Z
zLXewlivVrY,UCwFRGieumnh1MrM5F3D65Tg,THIS IS HOW YOU TAKE REVENGE IN BGMI || FUNNY HIGHLIGHT,2022-07-21T04:35:00Z
S6JN4qcL2j0,UCwFRGieumnh1MrM5F3D65Tg,NEW SEASON IS HERE : BGMI CRATE OPENING AND MAXING ROYAL PASS | REGALTOS IS LIVE,2022-07-20T17:13:23Z
zDNqSNeemuM,UCwFRGieumnh1MrM5F3D65Tg,Magically Entered the EMPEROR TEMPLE,2022-07-20T04:20:07Z
HNw2wMZzpD8,UCwFRGieumnh1MrM5F3D65Tg,NEW CARS | BUYING NEW CAR IN GTA V | REGALTOS IS LIVE | VLT RP,2022-07-19T19:43:37Z
r42ovNtmN_g,UCwFRGieumnh1MrM5F3D65Tg,Playing this amazing horror game with Bullets Wireless Z2 || *Best experience ever*,2022-07-19T05:23:01Z
EoE_x_bo6Tg,UCwFRGieumnh1MrM5F3D65Tg,NEW UPDATE IS HERE : BGMI | CLASSIC RUSH GAMES | REGALTOS IS LIVE,2022-07-18T17:48:29Z
GzqWV4c4S38,UCwFRGieumnh1MrM5F3D65Tg,PLAYED BGMI 2.1 UPDATE FOR THE FIRST TIME || * Funny Highlights *,2022-07-17T04:00:10Z
OwIlLDoamc8,UCwFRGieumnh1MrM5F3D65Tg,NEW UPDATE IS HERE : BGMI | CLASSIC RUSH GAMES | REGALTOS IS LIVE,2022-07-16T10:10:13Z
KzDF7AvTkeA,UCwFRGieumnh1MrM5F3D65Tg,THIS IS ALL I WANT,2022-07-15T04:00:14Z
ebzq5lOJN-g,UCwFRGieumnh1MrM5F3D65Tg,Jalebi to Laser Spray,2022-07-13T07:08:51Z
o1iOYlMEzsU,UCwFRGieumnh1MrM5F3D65Tg,Back 2 Back Chicken dinner with Senior SouL,2022-07-12T06:41:28Z
Spf2jTS7rpQ,UCwFRGieumnh1MrM5F3D65Tg,She took my phone,2022-07-10T05:00:03Z
DoMX5Q7CGCA,UCwFRGieumnh1MrM5F3D65Tg,1v3 in scrims || Zeher Burst,2022-07-09T04:28:15Z
EiZWN9FpFZE,UCwFRGieumnh1MrM5F3D65Tg,BGMI GRIND | CLASSIC RUSH GAMES   | REGALTOS IS LIVE,2022-07-08T11:53:34Z
nuoHc2i1JiE,UCwFRGieumnh1MrM5F3D65Tg,Rega ki masoom shayari || Easiest 1 vs 3,2022-07-08T05:02:50Z
YqJohyABgC4,UCwFRGieumnh1MrM5F3D65Tg,GTA V ROLEPLAY WITH MASOOM | REGALTOS IS LIVE | VLT RP,2022-07-07T14:57:12Z
Qjiuye5GzzU,UCwFRGieumnh1MrM5F3D65Tg,Rega reaction on Goldy bhai epic 1v1,2022-07-07T04:11:32Z
W5jQhSCf1Lw,UCwFRGieumnh1MrM5F3D65Tg,FASTEST SQUAD WIPE EVER || REGA ROASTED,2022-07-06T10:17:16Z
LTCISZS7Avk,UCwFRGieumnh1MrM5F3D65Tg,Made pillbox home after unsuccessful robbery || GTA RP HIGHLIGHT,2022-07-05T05:42:39Z
LN3MOOCgWBQ,UCwFRGieumnh1MrM5F3D65Tg,How You Casually Push And Finish || BGMI Highlights,2022-07-04T13:43:41Z
cTsR-4iRVVA,UCwFRGieumnh1MrM5F3D65Tg,BGMI | PLAYING UPTHRUST ESPORTS STREAMERS SHOWDOWN | REGALTOS IS LIVE,2022-07-02T10:33:26Z
BqarGyF2axE,UCwFRGieumnh1MrM5F3D65Tg,COVER FIRE AT ITS BEST | INTENSE FINAL ZONE | 11 KILLS CHICKEN DINNER,2022-07-01T05:49:05Z
as_CNPbOHNY,UCwFRGieumnh1MrM5F3D65Tg,BGMI | AMD Presents Streamer Quest with Windows 11 powered by Lenovo | DAY 4,2022-06-27T11:47:13Z
gPHTsLrhoR8,UCwFRGieumnh1MrM5F3D65Tg,WHISPER CHALLENGE WITH FRIEND,2022-06-27T07:04:31Z
IzVlzcYveoA,UCwFRGieumnh1MrM5F3D65Tg,Team Alpha vs Team Charlie | Valorant | AMD Presents Streamer Quest S2 | Finals | Day 4 | BO5,2022-06-26T16:01:21Z
kZTdAhnCl6A,UCwFRGieumnh1MrM5F3D65Tg,Team Bravo vs Team Charlie | AMD Presents Streamer Quest with Windows 11 powered by Lenovo | DAY 3,2022-06-25T16:36:11Z
Ex3hWMECN5s,UCwFRGieumnh1MrM5F3D65Tg,Team Alpha vs Team Charlie | AMD Presents Streamer Quest with Windows 11 powered by Lenovo | DAY 2,2022-06-24T14:18:36Z
NwJCmZb8xak,UCwFRGieumnh1MrM5F3D65Tg,Valorant | AMD Presents Streamer Quest with Windows 11 powered by Lenovo | DAY 4,2022-06-23T15:01:04Z
u37bmMhG-r0,UCwFRGieumnh1MrM5F3D65Tg,BGMI | AMD Presents Streamer Quest with Windows 11 powered by Lenovo | DAY 3,2022-06-22T12:08:18Z
Ks0fwQJbx68,UCwFRGieumnh1MrM5F3D65Tg,BGMI | AMD Presents Streamer Quest with Windows 11 powered by Lenovo | DAY 2,2022-06-21T13:00:35Z
IrCAmjtoVgc,UCwFRGieumnh1MrM5F3D65Tg,CRYSTAL POWER and WINGED CAVALRY Spin || Can I Get Both Of Them ?,2022-06-21T06:39:01Z
Kd7GiTpClz8,UCwFRGieumnh1MrM5F3D65Tg,BGMI | AMD Presents Streamer Quest with Windows 11 powered by Lenovo | DAY 1,2022-06-20T12:26:30Z
0Dreku8wuck,UCwFRGieumnh1MrM5F3D65Tg,NEW CRATE OPENING | AAJ FIRSE CRATE KHOLEGE | LETS PLAY BGMI WITH REGALTOS,2022-06-19T16:19:20Z
LUKarLLZAvI,UCwFRGieumnh1MrM5F3D65Tg,Surprise visit to gaming house | Congratulations team soul,2022-06-15T15:45:10Z
Z-X_iuV6dR4,UCwFRGieumnh1MrM5F3D65Tg,NEW SET CRATE OPENING | CUSTOM GAMES TODAY | LETS PLAY BGMI : REGALTOS IS LIVE,2022-06-14T16:59:14Z
ruLCwGNVUAQ,UCwFRGieumnh1MrM5F3D65Tg,CUSTOM GAMES! AAJ JEETEGE SAARE MATCH ! LETS PLAY BGMI | REGALTOS IS LIVE,2022-06-10T18:50:48Z
kFmhBS1R-bM,UCwFRGieumnh1MrM5F3D65Tg,How not to do Robbery in GTA *GOT ARRESTED* || Epic Fail Highlights,2022-06-09T03:54:20Z
r1v9MlzutK0,UCwFRGieumnh1MrM5F3D65Tg,NEW SEASON ME KITNE KA KD HOGA ? LETS PLAY BGMI | REGALTOS IS LIVE,2022-06-08T17:22:37Z
Ia5NncKlmAA,UCwFRGieumnh1MrM5F3D65Tg,UNBOXING OnePlus 10 Pro : HyperBeast Gaming Engine  | Best Phone for gaming?,2022-06-07T11:45:11Z
pteVSQrVmhI,UCwFRGieumnh1MrM5F3D65Tg,WANDERING TYRANT AKM OPENING ||  Fan Came to Meet Me During Stream,2022-06-05T04:53:40Z
UIeeJBQRAFc,UCwFRGieumnh1MrM5F3D65Tg,NEW AKM SKIN CRATE OPENING | LETS PLAY BGMI | REGALTOS IS LIVE,2022-06-04T16:10:08Z
DewKaScLF0c,UCwFRGieumnh1MrM5F3D65Tg,I Got Kidnapped in GTA V * They Bullied Me * || Funny Highlights,2022-06-03T03:30:15Z
aGbXnwXPoZQ,UCwFRGieumnh1MrM5F3D65Tg,NEW SEASON ME KITNE KA KD HOGA ? LETS PLAY BGMI | REGALTOS IS LIVE,2022-05-31T17:16:48Z
3Zvi8dF-QHM,UCwFRGieumnh1MrM5F3D65Tg,CUSTOM GAMES! AAJ JEETEGE SAARE MATCH ! LETS PLAY BGMI | REGALTOS IS LIVE,2022-05-30T16:03:20Z
qwYD9mq6Cls,UCwFRGieumnh1MrM5F3D65Tg,TOOK REVENGE FROM @KrutikaPlays   *FUNNY HIGHLIGHTSI*,2022-05-28T05:43:19Z
vwtKVkTRAa8,UCwFRGieumnh1MrM5F3D65Tg,NEW SEASON ME KITNE KA KD HOGA ? LETS PLAY BGMI | REGALTOS IS LIVE,2022-05-27T06:48:03Z
lR_lpz1oPpg,UCwFRGieumnh1MrM5F3D65Tg,TONGUE TWISTER CHALLENGE WITH SISTER,2022-05-25T07:07:12Z
RluNsZqEpA4,UCwFRGieumnh1MrM5F3D65Tg,NEW SEASON ME KITNE KA KD HOGA ? LETS PLAY BGMI | REGALTOS IS LIVE,2022-05-24T18:22:50Z
ckTjZnyR5pY,UCwFRGieumnh1MrM5F3D65Tg,HOW YOU GLIDE LIKE A PRO IN BGMI | BGMI | FUNNY HIGHLIGHTS,2022-05-24T04:30:11Z
wZKF0wB_S8I,UCwFRGieumnh1MrM5F3D65Tg,NEW SEASON ME KITNE KA KD HOGA ? LETS PLAY BGMI | REGALTOS IS LIVE,2022-05-23T17:07:49Z
5Wxjuj3LfGk,UCwFRGieumnh1MrM5F3D65Tg,Rega Reacts to Underworld Gang Wars (UGW) Trailer | Battle Royale Game | Rooted In India,2022-05-23T11:27:12Z
lTCf-9sPk1w,UCwFRGieumnh1MrM5F3D65Tg,Getting bullied by @KrutikaPlays   and @PAYALGAMING,2022-05-22T04:58:25Z
0Q_DTYceisw,UCwFRGieumnh1MrM5F3D65Tg,HOW TO GET GIRLS LOBBY IN BGMI,2022-05-21T05:40:57Z
1712-ivL4-Q,UCwFRGieumnh1MrM5F3D65Tg,CAN I GET THIS NEW AMAZING SET IN 30K UC | CRATE OPENING,2022-05-19T04:47:14Z
0QpVgkI4J2E,UCwFRGieumnh1MrM5F3D65Tg,LUCK TRY KARTE | OPENING FLAME DEVIL CRATE | REGALTOS IS LIVE,2022-05-18T18:55:15Z
BVNWv_0gf1U,UCwFRGieumnh1MrM5F3D65Tg,CLASSIC PLAYER ?  LETS PLAY BGMI | REGALTOS IS LIVE,2022-05-17T17:50:46Z
6o-oJwSWVK8,UCwFRGieumnh1MrM5F3D65Tg,CLASSIC PLAYER ?  LETS PLAY BGMI | REGALTOS IS LIVE,2022-05-16T16:56:53Z
BuaIC8gpetE,UCwFRGieumnh1MrM5F3D65Tg,I MET ONE OF MY BIGGEST FAN GIRL IN BGMI * CHAT ASKED ME TO ADD HER *,2022-05-15T05:36:55Z
HRa9Hb7ODu4,UCwFRGieumnh1MrM5F3D65Tg,LETS PLAY BGMI | CLASSIC RUSH GAMES WITH RANDOMS,2022-05-12T19:46:00Z
DcwjBEQSnV8,UCwFRGieumnh1MrM5F3D65Tg,LETS PLAY BGMI | CLASSIC RUSH GAMES WITH RANDOMS,2022-05-10T17:32:16Z
Q3dUiQ2iUxI,UCwFRGieumnh1MrM5F3D65Tg,HIGH JUMP TO LOBBY IN BGMI | FUNNY STREAM HIGHLIGHTS,2022-05-10T07:47:03Z
BCwNVjzVG_A,UCwFRGieumnh1MrM5F3D65Tg,Grind and Rise,2022-05-09T07:45:09Z
k_KMeAX04bo,UCwFRGieumnh1MrM5F3D65Tg,CAN WE SURVIVE WITHOUT PROPER GUN AND AMMO??,2022-05-07T03:36:08Z
lp4kIiDoAuM,UCwFRGieumnh1MrM5F3D65Tg,WE WENT TO WATCH IPL MATCH FOR THE FIRST TIME *CRAZY EXPERIENCE*,2022-05-05T03:45:11Z
uPnlOGMh8F4,UCwFRGieumnh1MrM5F3D65Tg,CLASSIC RUSH GAMES WITH RANDOMS  | BGMI LIVE  : ROAD TO 3 MILLION,2022-05-03T17:23:06Z
q0k8F5bVOKM,UCwFRGieumnh1MrM5F3D65Tg,2 BGMI HONE KE FAYDE 🐥|| FUNNY HIGHLIGHT,2022-05-02T07:38:58Z
81iDlLo_eMo,UCwFRGieumnh1MrM5F3D65Tg,PLAYING SCRIMS WITH REAL T1 PLAYERS | CHILL LIVE STREAM: ROAD TO 3 MILLION,2022-05-01T15:38:33Z
Pg54Y4FzsEk,UCwFRGieumnh1MrM5F3D65Tg,LETS GO I AM BACK  | BGMI LIVE: ROAD TO 3 MILLION,2022-04-30T16:36:35Z
-U9E4U20VtQ,UCwFRGieumnh1MrM5F3D65Tg,THIS IS WHY I AM FAMOUS FOR SNIPING IN BGMI,2022-04-28T12:06:50Z
ndbxD_Xk54A,UCwFRGieumnh1MrM5F3D65Tg,WORLD'S BEST SHAYARI PART-2 😉 || BGMI,2022-04-27T03:30:25Z
rL7CVShJA3o,UCwFRGieumnh1MrM5F3D65Tg,THIS IS HOW WE MADE OUR GOA PLAN,2022-04-26T08:34:14Z
WQKWfUDS6sw,UCwFRGieumnh1MrM5F3D65Tg,OLD BATTLEGROUND VIBES WITH @MortaLyt @8bitMAMBA @KrutikaPlays,2022-04-24T11:05:28Z
XgzobV8bh2I,UCwFRGieumnh1MrM5F3D65Tg,LETS PLAY BGMI | CHILL CLASSIC STREAM  | BGMI LIVE: ROAD TO 3 MILLION,2022-04-23T18:16:41Z
HrVhrfdY52E,UCwFRGieumnh1MrM5F3D65Tg,5000 DAMAGE 😼 | MY HIGHEST DAMAGE EVER IN BGMI | 24 KILLS CHICKEN DINNER,2022-04-22T03:30:30Z
qwbL4dSEfQE,UCwFRGieumnh1MrM5F3D65Tg,LETS PLAY BGMI | CHILL CLASSIC STREAM  | BGMI LIVE: ROAD TO 3 MILLION,2022-04-21T17:35:25Z
qZc1k_QONQ4,UCwFRGieumnh1MrM5F3D65Tg,LETS PLAY BGMI | CHILL CLASSIC STREAM  | BGMI LIVE: ROAD TO 3 MILLION,2022-04-20T17:52:16Z
mTfZbZ48TLo,UCwFRGieumnh1MrM5F3D65Tg,LETS  PLAY  PROPNIGHT  | CHILL LIVE STREAM: ROAD TO 3 MILLION,2022-04-19T19:23:36Z
08BhNOtgWZs,UCwFRGieumnh1MrM5F3D65Tg,EASIEST T1 SCRIMS YOU WILL EVER SEE,2022-04-18T14:00:01Z
_rPaTjheXWg,UCwFRGieumnh1MrM5F3D65Tg,LETS PLAY BGMI | CHILL LIVE STREAM: ROAD TO 3 MILLION,2022-04-15T11:25:38Z
a5J7DKHDB30,UCwFRGieumnh1MrM5F3D65Tg,EVERY NEW USER IN GTA BE LIKE | GTA V GAMEPLAY,2022-04-14T16:18:52Z
hqFXpeiqz8s,UCwFRGieumnh1MrM5F3D65Tg,IS TDM BEST FOR AIM PRACTICE ? | 2 VS 2 TDM PRACTICE,2022-04-13T15:46:21Z
O1DdAFQDzls,UCwFRGieumnh1MrM5F3D65Tg,NEW TDM MODE : ROYAL ARENA ASSAULT IS INSANE,2022-04-09T03:30:18Z
SfycQJf4yZU,UCwFRGieumnh1MrM5F3D65Tg,NEVER REVIVE YOUR TEAMMATES IN SANHOK BOOTCAMP,2022-04-08T04:00:14Z
uxf5JUqk4Y4,UCwFRGieumnh1MrM5F3D65Tg,GRIND IS ON | 11 KILLS CHICKEN DINNER | SCRIMS HIGHLIGHTS,2022-04-07T04:00:14Z
V9O8hEHXse4,UCwFRGieumnh1MrM5F3D65Tg,GRIND IS ON | PLAYING SCRIMS | BGMI LIVE: ROAD TO 3 MILLION,2022-04-06T16:49:14Z
wYy5-YLr6CM,UCwFRGieumnh1MrM5F3D65Tg,GRIND IS ON | PLAYING SCRIMS | BGMI LIVE: ROAD TO 3 MILLION,2022-04-05T17:38:57Z
2YXS1aBslEY,UCwFRGieumnh1MrM5F3D65Tg,GRIND IS ON  | PLAYING SCRIMS | BGMI LIVE: ROAD TO 3 MILLION,2022-04-04T17:38:35Z
Jt8Cq420-3Y,UCwFRGieumnh1MrM5F3D65Tg,Boost Women’s Team VS Men’s Team | WCC3 X Boost #GameStaminaKa,2022-03-31T13:23:31Z
PpLL8HFeXJk,UCwFRGieumnh1MrM5F3D65Tg,1 LAKH UC CRATE OPENING : AM I LUCKY ENOUGH ?,2022-03-29T09:00:11Z
0tA_QHCj_RU,UCwFRGieumnh1MrM5F3D65Tg,SAARE  CREATORS EK SATH  | FIRST TIME EVER,2022-03-28T09:00:13Z
i6ieniVv94Y,UCwFRGieumnh1MrM5F3D65Tg,OPENING ALL 7 LAMBORGHINIS | BGMI LIVE : ROAD TO 3 MILLION,2022-03-27T17:33:13Z
tIjRA9ZT9FM,UCwFRGieumnh1MrM5F3D65Tg,EK CHEETI (ANT) GAME KHARAB KAR SAKTI H,2022-03-26T14:30:12Z
KUsWkrucELQ,UCwFRGieumnh1MrM5F3D65Tg,I WASTED 9000 UC UNKNOWINGLY + LUCKY CRATE OPENING,2022-03-24T05:30:13Z
8pxU-4Q1IFg,UCwFRGieumnh1MrM5F3D65Tg,GRIND IS ON  | CLASSIC CHILL GAMES WITH RANDOMS  : ROAD TO 3 MILLION,2022-03-23T18:29:20Z
0E7JjeFL-64,UCwFRGieumnh1MrM5F3D65Tg,My 2nd PC build with AORUS and Intel | @AORUSIndia,2022-03-22T08:01:49Z
jAf5pqMlwLg,UCwFRGieumnh1MrM5F3D65Tg,DE CROUCH | 2 VS 2 TDM | BATTLEGROUND MOBILE INDIA,2022-03-21T04:00:18Z
Z6iP-f5qPvo,UCwFRGieumnh1MrM5F3D65Tg,AWM+M416 WHAT ELSE DO YOU NEED?,2022-03-20T09:38:14Z
J2BUk44x35g,UCwFRGieumnh1MrM5F3D65Tg,CLASSIC RUSH GAMES WITH RANDOMS  | BGMI LIVE  : ROAD TO 3 MILLION,2022-03-18T18:04:10Z
pnAAeERm9KM,UCwFRGieumnh1MrM5F3D65Tg,CLASSIC RUSH GAME  | BGMI LIVE  : ROAD TO 3 MILLION,2022-03-16T17:56:37Z
iRc_LuAIODs,UCwFRGieumnh1MrM5F3D65Tg,M416 + 4x will take you to the chicken dinner | Regaltos,2022-03-16T08:25:49Z
AnsrJCrIGag,UCwFRGieumnh1MrM5F3D65Tg,CLASSIC RUSH GAMES | BGMI LIVE  : ROAD TO 3 MILLION,2022-03-15T16:13:57Z
UmdbNkskZ-U,UCwFRGieumnh1MrM5F3D65Tg,YOU SHOULD TRY THIS GAME WITH YOUR FRIENDS | PROPNIGHT | FUNNY HIGHLIGHT,2022-03-15T04:00:12Z
Oym6N1teqCQ,UCwFRGieumnh1MrM5F3D65Tg,CLASSIC RUSH GAMES | BGMI LIVE  : ROAD TO 3 MILLION,2022-03-14T17:01:51Z
S-YyC9It04w,UCwFRGieumnh1MrM5F3D65Tg,CLASSIC RUSH GAMES | BGMI LIVE  : ROAD TO 3 MILLION,2022-03-13T16:59:01Z
N9oqM6Ru41U,UCwFRGieumnh1MrM5F3D65Tg,PROPNIGHT  | AAJ ACHHE SE KHELEGE,2022-03-02T18:54:03Z
QSOhYUZ3bNI,UCwFRGieumnh1MrM5F3D65Tg,BEST SNIPER IN BGMI | REGALTOS,2022-03-02T11:38:22Z
V5ccvaXjm-A,UCwFRGieumnh1MrM5F3D65Tg,PROPNIGHT  | AAJ ACHHE SE KHELEGE,2022-02-28T18:48:31Z
16dp4y-kPbA,UCwFRGieumnh1MrM5F3D65Tg,3 vs 3 INTENSE TDM BATTLE EVER WITH CAREER MAKERS,2022-02-27T03:45:00Z
t8WDAVV8eUQ,UCwFRGieumnh1MrM5F3D65Tg,RANK PUSH | 19kills Chicken Dinner | BGMI,2022-02-24T09:54:22Z
483EGV6kXwU,UCwFRGieumnh1MrM5F3D65Tg,IRL stream ft @mortalshort  @AdityaThakorEditz,2022-02-23T11:18:58Z
5-GzYeJsqqs,UCwFRGieumnh1MrM5F3D65Tg,HOW TO USE PEEK BUTTON PROFESSIONALLY | BGMI HIGHLIGHTS,2022-02-22T08:55:02Z
zme8cDYvYIA,UCwFRGieumnh1MrM5F3D65Tg,BEST CREW MATE AWARDS GOES TO,2022-02-19T03:30:15Z
U6KDDTL235s,UCwFRGieumnh1MrM5F3D65Tg,"PROPNIGHT  WITH MORTAL , MAMBA , KRUTIKA AND SID",2022-02-18T16:47:22Z
P9BC_3aJOkc,UCwFRGieumnh1MrM5F3D65Tg,English speaking Challenge | Funniest Challenge,2022-02-16T12:02:55Z
H1W_QyvvKHE,UCwFRGieumnh1MrM5F3D65Tg,PLAYED SCRIMS WITH TEAM CE,2022-02-13T11:25:03Z
kETav231mYo,UCwFRGieumnh1MrM5F3D65Tg,SCRIMS LIVE WITH TEAM CE | ONLY CHICKEN DINNER | REGALTOS IS LIVE,2022-02-12T17:50:30Z
8ms_y0OPRFU,UCwFRGieumnh1MrM5F3D65Tg,RANK PUSH WITH RANDOMS | ONLY CHICKEN DINNER | REGALTOS IS LIVE,2022-02-11T16:55:58Z
jp4WYDlEMbs,UCwFRGieumnh1MrM5F3D65Tg,EVERY BGMI PLAYER SHOULD WATCH THIS ENDING,2022-02-09T03:30:09Z
lzJFodSm2xc,UCwFRGieumnh1MrM5F3D65Tg,RANK PUSH WITH RANDOMS | ONLY CHICKEN DINNER | REGALTOS IS LIVE,2022-02-08T16:20:10Z
e2Er1tgJ5H0,UCwFRGieumnh1MrM5F3D65Tg,RANK PUSH WITH RANDOMS | ONLY CHICKEN DINNER | REGALTOS IS LIVE,2022-02-07T18:20:31Z
LtfidlL7w1o,UCwFRGieumnh1MrM5F3D65Tg,Winzo World War against @8bitGoldygg,2022-02-05T15:22:53Z
AD3Y--F2F8I,UCwFRGieumnh1MrM5F3D65Tg,First Match in Ace Tier | 21 kills,2022-02-04T15:57:50Z
aZUIKq2bzXk,UCwFRGieumnh1MrM5F3D65Tg,17 kills Chicken dinner | Rank push,2022-02-03T08:51:39Z
Yv58RiNSLSY,UCwFRGieumnh1MrM5F3D65Tg,How to rank push in bgmi | REGALTOS,2022-01-31T03:00:11Z
uqILHubRlVw,UCwFRGieumnh1MrM5F3D65Tg,RANK PUSH WITH RANDOMS | ONLY CHICKEN DINNER | REGALTOS IS LIVE,2022-01-29T19:00:23Z
G3NH-bnykxs,UCwFRGieumnh1MrM5F3D65Tg,Winzo World War against @officialscoutop,2022-01-29T08:40:47Z
yDMEQOZzU7Y,UCwFRGieumnh1MrM5F3D65Tg,TALK TILL YOU DROP CHALLENGE |,2022-01-26T14:37:59Z
ReZaHioQSb4,UCwFRGieumnh1MrM5F3D65Tg,RANK PUSH WITH RANDOMS | ONLY CHICKEN DINNER | REGALTOS IS LIVE,2022-01-24T17:22:43Z
eoKVsvJpSaQ,UCwFRGieumnh1MrM5F3D65Tg,Winzo World War against @MAVIOP,2022-01-23T07:37:40Z
yZf-6VTTh_o,UCwFRGieumnh1MrM5F3D65Tg,Crate Opening ka ab mann nhi krta | AKM Crate Opening,2022-01-22T15:00:04Z
d0Ovd8iDsIs,UCwFRGieumnh1MrM5F3D65Tg,MAXING ROYAL PASS M7 | REGALTOS,2022-01-21T10:30:12Z
Dv_Jddc4WBE,UCwFRGieumnh1MrM5F3D65Tg,RANK PUSH WITH RANDOMS | ONLY CHICKEN DINNER | REGALTOS IS LIVE,2022-01-20T16:40:56Z
wNJc-3FeiqE,UCwFRGieumnh1MrM5F3D65Tg,LONG TIME NO SEE @MortaLyt | REGALTOS,2022-01-20T03:30:16Z
wDd-S0ku0tw,UCwFRGieumnh1MrM5F3D65Tg,KD KITNE KI KARNI HAI IS BAAR |  CHICKEN DINNER HUNTING | REGALTOS IS LIVE,2022-01-19T17:37:39Z
JyiecfjeZSg,UCwFRGieumnh1MrM5F3D65Tg,SPIDERMAN MODE FOR THE FIRST TIME | #22 SOLO KILLS | REGALTOS,2022-01-19T05:45:00Z
m-ZKZC9D_yI,UCwFRGieumnh1MrM5F3D65Tg,KD KITNE KI KARNI HAI IS BAAR |  CHICKEN DINNER HUNTING | REGALTOS IS LIVE,2022-01-18T17:37:07Z
ap4AmV_s5yg,UCwFRGieumnh1MrM5F3D65Tg,WE ARE BACK  | CHICKEN DINNER HUNTING|  BGMI RANK PUSH,2022-01-17T17:34:09Z
_6Xotp_bXY8,UCwFRGieumnh1MrM5F3D65Tg,90FPS EXPERIENCE FOR THE FIRST TIME | REGALTOS,2022-01-16T11:30:06Z
s66JRRXyLPI,UCwFRGieumnh1MrM5F3D65Tg,99IQ GAMEPLAY |TIPS & TRICKS BY REGALTOS | BGMI,2022-01-12T15:57:02Z
F3miAZTTMEE,UCwFRGieumnh1MrM5F3D65Tg,WHOM WOULD I CHOOSE ?? | REGALTOS,2022-01-08T16:00:09Z
RiDQmBOvdEY,UCwFRGieumnh1MrM5F3D65Tg,MIRROR WORLD IS A SCAM | REGALTOS,2022-01-06T11:00:14Z
mlKVpFJbpEc,UCwFRGieumnh1MrM5F3D65Tg,Lets Play Clash of Titans | REGALTOS IS LIVE,2022-01-05T08:56:43Z
EYVcd7yxh_k,UCwFRGieumnh1MrM5F3D65Tg,NEW SNIPER KING IN TOWN | REGALTOS,2022-01-04T11:00:17Z
ZPm_zAGam5s,UCwFRGieumnh1MrM5F3D65Tg,Lucky or Unlucky? | OPENING EVERY CRATES TO TRY MY LUCK | REGALTOS,2022-01-02T14:11:32Z
numyR7FW4vQ,UCwFRGieumnh1MrM5F3D65Tg,Happy New Year |  RANK PUSH WITH RANDOMS | FIRST STREAM OF 2022,2022-01-01T16:37:15Z
OyqVPezZiWU,UCwFRGieumnh1MrM5F3D65Tg,"2021, The Year of Learning",2021-12-31T18:15:11Z
JKS09vVxvOw,UCwFRGieumnh1MrM5F3D65Tg,BGMI SENT ME A BOX FOR CHRISTMAS !!,2021-12-28T12:30:15Z
3y9o_Tsir9I,UCwFRGieumnh1MrM5F3D65Tg,AVALANCHE X-SUIT CRATE OPENING | REGALTOS,2021-12-26T12:30:17Z
oCTZH0ZoDkU,UCwFRGieumnh1MrM5F3D65Tg,MAXING ROYAL PASS C1S3 MONTH 6 BGMI | REGALTOS,2021-12-22T16:00:10Z
Za47ehr26PQ,UCwFRGieumnh1MrM5F3D65Tg,RANK PUSH WITH RANDOMS | ONLY CHICKEN DINNER | REGALTOS IS LIVE,2021-12-21T16:51:54Z
xuNU7J0qu5I,UCwFRGieumnh1MrM5F3D65Tg,24 SOLO KILLS WWCD | FUN WITH RANDOMS | REGALTOS,2021-12-20T11:00:17Z
_7Q-izH0AFs,UCwFRGieumnh1MrM5F3D65Tg,RANK PUSH WITH RANDOMS | WINZO WORLD WAR | REGALTOS IS LIVE,2021-12-19T17:17:37Z
9gIQ4Qcb3Ao,UCwFRGieumnh1MrM5F3D65Tg,RANK PUSH WITH RANDOMS | ONLY CHICKEN DINNER | REGALTOS IS LIVE,2021-12-18T18:11:26Z
MK2VppmY79I,UCwFRGieumnh1MrM5F3D65Tg,WHEN YOU MATCH WITH A RANDOM GIRL | 26 Solo Kills | REGALTOS,2021-12-17T12:30:14Z
JD9jaDQ-Owo,UCwFRGieumnh1MrM5F3D65Tg,RANK PUSH WITH RANDOMS | ONLY CHICKEN DINNER | REGALTOS IS LIVE,2021-12-16T17:59:55Z
HlrXM0ayO4Q,UCwFRGieumnh1MrM5F3D65Tg,Went Shopping & DELHI ka traffic jam! 🤬😡,2021-12-16T03:30:14Z
GYcfRPHXnew,UCwFRGieumnh1MrM5F3D65Tg,Quick 1v3 in Classic!,2021-12-09T06:30:02Z
olSFQvq78qQ,UCwFRGieumnh1MrM5F3D65Tg,RANK PUSH WITH RANDOMS | ONLY CHICKEN DINNER | REGALTOS IS LIVE,2021-12-08T17:25:57Z
CjNPB73qJW8,UCwFRGieumnh1MrM5F3D65Tg,Met Them After Long Time!,2021-12-06T10:15:12Z
EGTUE_eLkwU,UCwFRGieumnh1MrM5F3D65Tg,Sigma Rule #001 | Keep your teammates confused about your next move! REGALTOS,2021-12-05T11:15:01Z
q27VQz5Pyv4,UCwFRGieumnh1MrM5F3D65Tg,RANK PUSH WITH RANDOMS | ONLY CHICKEN DINNER | REGALTOS IS LIVE,2021-12-04T18:26:42Z
MwnDAeyI1M0,UCwFRGieumnh1MrM5F3D65Tg,RANK PUSH WITH RANDOMS | ONLY CHICKEN DINNER | REGALTOS IS LIVE,2021-12-02T17:19:00Z
x2_mgZwgtF4,UCwFRGieumnh1MrM5F3D65Tg,PRACTICING ALWAYS ON GYRO | SOLO 8 KILLS | TOURNAMENT HIGHLIGHTS | REGALTOS,2021-12-02T06:44:02Z
xDR_TFLcqtw,UCwFRGieumnh1MrM5F3D65Tg,25 SOLO KILLS WWCD | REGALTOS,2021-12-01T06:00:13Z
LCVlESkS2MY,UCwFRGieumnh1MrM5F3D65Tg,Unboxing My New Gaming Beast | AMD ADVANTAGE LAPTOP | MSI,2021-11-30T07:30:05Z
CXXdjZal5Hg,UCwFRGieumnh1MrM5F3D65Tg,RANK PUSH WITH RANDOMS | ONLY CHICKEN DINNER | REGALTOS IS LIVE,2021-11-29T17:43:06Z
PIpMgLhHnRg,UCwFRGieumnh1MrM5F3D65Tg,RANK PUSH WITH RANDOMS | ONLY CHICKEN DINNER | REGALTOS IS LIVE,2021-11-28T18:05:43Z
54_uJdrC5pI,UCwFRGieumnh1MrM5F3D65Tg,AAO CARRY KRE ISME BI  | VALORANT RANK PUSH WITH BOOSTED PLAYERS,2021-11-27T17:29:17Z
Txi0o4uQXmg,UCwFRGieumnh1MrM5F3D65Tg,RANK PUSH WITH RANDOMS | ONLY CHICKEN DINNER | REGALTOS IS LIVE,2021-11-26T16:50:42Z
16bVr3UiEZY,UCwFRGieumnh1MrM5F3D65Tg,RANK PUSH WITH RANDOMS | ONLY CHICKEN DINNER | REGALTOS IS LIVE,2021-11-25T18:01:13Z
DDpGO6_1AUM,UCwFRGieumnh1MrM5F3D65Tg,BEST SNIPER IN TOWN | 25 SOLO KILLS | REGALTOS,2021-11-25T03:30:15Z
lCqPWdHnyw4,UCwFRGieumnh1MrM5F3D65Tg,RANK PUSH WITH RANDOMS | ONLY CHICKEN DINNER | REGALTOS IS LIVE,2021-11-24T18:12:46Z
oRcClG-zI5U,UCwFRGieumnh1MrM5F3D65Tg,TROLLING TOXIC RANDOM with @8bitGoldygg & @8bitrebel | REGALTOS,2021-11-23T12:30:16Z
h_nRkC4_bPc,UCwFRGieumnh1MrM5F3D65Tg,RANK PUSH WITH RANDOMS | ONLY CHICKEN DINNER | REGALTOS IS LIVE,2021-11-22T17:42:24Z
0KYOmBN8-Oo,UCwFRGieumnh1MrM5F3D65Tg,RANK PUSH WITH RANDOMS | ONLY CHICKEN DINNER | REGALTOS IS LIVE,2021-11-21T18:01:47Z
qM9EfYxbeJM,UCwFRGieumnh1MrM5F3D65Tg,AAO MAMBA KO CARRY KRE | VALORANT RANK PUSH WITH BOOSTED PLAYERS,2021-11-20T18:57:38Z
L9nzc9-yB-4,UCwFRGieumnh1MrM5F3D65Tg,A CLASSIC MATCH WITH SPECIAL GUEST | BGMI WITH MUMMY,2021-11-18T15:30:11Z
dBVimZ3BKVI,UCwFRGieumnh1MrM5F3D65Tg,Zone mat jane do 😸,2021-11-17T08:33:52Z
5mzxhnRkJyo,UCwFRGieumnh1MrM5F3D65Tg,HEXTECH CRYSTAL SCAR L CRATE OPENING | REGALTOS,2021-11-16T14:30:11Z
-jl0LKjtXRI,UCwFRGieumnh1MrM5F3D65Tg,TRYING MY LUCK AGAIN | ANGER POWER SPIN | REGALTOS,2021-11-14T08:30:11Z
WCgKzPWt514,UCwFRGieumnh1MrM5F3D65Tg,"BYE BYE TESLA ?? | 55,000 UC KOENIGSEGG CRATE OPENING | REGALTOS",2021-11-12T03:30:15Z
OYRZ1KeKOfw,UCwFRGieumnh1MrM5F3D65Tg,The Diwali Vlog | REGALTOS ft @8bitrebel,2021-11-10T03:30:16Z
ywUfn-QZt44,UCwFRGieumnh1MrM5F3D65Tg,BGMI SCRIMS | REGULAR STREAMER IS BACK | REGALTOS IS LIVE,2021-11-09T18:17:47Z
PMRGiUZf7aA,UCwFRGieumnh1MrM5F3D65Tg,BGMI SCRIMS | REGULAR STREAMER IS BACK | REGALTOS IS LIVE,2021-11-08T18:27:28Z
kgUrNv58jTA,UCwFRGieumnh1MrM5F3D65Tg,WWCD IN SCRIMS | REGALTOS,2021-11-08T03:30:16Z
LIHB4xGuGXA,UCwFRGieumnh1MrM5F3D65Tg,"A Very HAPPY DIWALI, Indeed!",2021-11-05T08:28:36Z
u8GcbzlTvCU,UCwFRGieumnh1MrM5F3D65Tg,HALLOWEEN CHALLENGE AGAINST MORTAL | POKEMON UNITE,2021-10-31T07:51:05Z
lKQSHYHEcvg,UCwFRGieumnh1MrM5F3D65Tg,PLAYING  POKEMON UNITE | RANK PUSH TIME | REGALTOS IS LIVE,2021-10-30T18:25:27Z
4D_hYR_f7sI,UCwFRGieumnh1MrM5F3D65Tg,PLAYING  POKEMON UNITE | RANK PUSH TIME | REGALTOS IS LIVE,2021-10-29T17:35:07Z
saUtT70YZN0,UCwFRGieumnh1MrM5F3D65Tg,PLAYING  POKEMON UNITE FOR THE FIRST TIME EVER | REGALTOS IS LIVE,2021-10-28T18:01:17Z
NQWjPDnIp5g,UCwFRGieumnh1MrM5F3D65Tg,SONG GUESSING CHALLENGE | REGALTOS,2021-10-28T07:30:13Z
dLQArjplAY0,UCwFRGieumnh1MrM5F3D65Tg,PLAYING  POKEMON UNITE FOR THE FIRST TIME EVER | REGALTOS IS LIVE,2021-10-27T17:11:09Z
3fy-4gE9nsE,UCwFRGieumnh1MrM5F3D65Tg,WHEN THE ZONE FAVOURS YOU | M416 + DP28 | BEST COMBO,2021-10-24T03:30:16Z
5U47M7Ktki4,UCwFRGieumnh1MrM5F3D65Tg,MY LAST CRATE OPENING ?? | ANGER POWER SPIN | REGALTOS,2021-10-23T12:30:12Z
W2aBOqEoCLk,UCwFRGieumnh1MrM5F3D65Tg,DOING EVERYTHING I EVENTUALLY CAN'T FOR HER  | REGALTOS,2021-10-22T03:30:13Z
lOxHDMF3lrw,UCwFRGieumnh1MrM5F3D65Tg,A SMALL SURPRISE FOR MY FAMILY | REGALTOS,2021-10-21T03:30:15Z
XhA_DZidx6E,UCwFRGieumnh1MrM5F3D65Tg,SHORT STREAM | BGMI RANK PUSH | REGALTOS IS LIVE,2021-10-20T15:45:45Z
ab4sJCIjmzw,UCwFRGieumnh1MrM5F3D65Tg,MAXING ROYAL PASS | DEADLY PRECISION M762 CRATE OPENING | REGALTOS,2021-10-20T06:43:33Z
KuAJgYhaypc,UCwFRGieumnh1MrM5F3D65Tg,PLAYING VALORANT | EASY RANK PUSH TO PLATINUM | JETT MAIN,2021-10-18T17:35:37Z
iR2AS-jbzQ4,UCwFRGieumnh1MrM5F3D65Tg,"Rs. 10,00,000+ @BattlegroundsMobile_IN Inventory | REGALTOS",2021-10-17T05:00:15Z
DE482wRYIfc,UCwFRGieumnh1MrM5F3D65Tg,WAR OF GLORY TOURNAMENT HIGHLIGHTS,2021-10-14T05:00:12Z
Yv03jdsUgoo,UCwFRGieumnh1MrM5F3D65Tg,Q&A WITH REGALTOS | PART II,2021-10-12T04:00:13Z
LXwaRAHf2cs,UCwFRGieumnh1MrM5F3D65Tg,REGULAR STREAMER IS BACK  | ONLY CHICKEN DINNER | REGALTOS IS LIVE,2021-10-11T17:29:00Z
6JZoePR1AqQ,UCwFRGieumnh1MrM5F3D65Tg,MY SNEAKER COLLECTION (Just A Beginning) 👟❤️,2021-10-10T15:45:00Z
IvHyzUKeUxo,UCwFRGieumnh1MrM5F3D65Tg,PAN FIGHT WITH THE PRO'S,2021-10-05T13:30:14Z
jCZV1F4JHsw,UCwFRGieumnh1MrM5F3D65Tg,"iQOO x Regaltos | All New #iQOOZ5 is here, it's #FullyLoaded!",2021-10-04T16:00:15Z
CV3HaF5kleE,UCwFRGieumnh1MrM5F3D65Tg,16 Solo Kills WWCD in Erangel with @MortaLyt & @SoulAman,2021-10-02T07:30:13Z
B25zqjpcUo4,UCwFRGieumnh1MrM5F3D65Tg,PLAYING VALORANT | EASY RANK PUSH TO PLATINUM | JETT MAIN,2021-10-01T18:16:57Z
WPA5rM3iTes,UCwFRGieumnh1MrM5F3D65Tg,PLAYING VALORANT | PACIFY TOMORROW RANK PUSH TO PLATINUM |,2021-09-30T18:53:43Z
PbyeFxhIjyc,UCwFRGieumnh1MrM5F3D65Tg,How to deal with HACKERS & STREAM SNIPERS in BGMI,2021-09-29T04:00:15Z
Nd7xBxpxppE,UCwFRGieumnh1MrM5F3D65Tg,SIRF SERIOUS GAMEPLAY | ONLY CHICKEN DINNER | REGALTOS IS LIVE,2021-09-28T16:50:26Z
8TSmF_Ako7k,UCwFRGieumnh1MrM5F3D65Tg,New Cases for My Sneakers | Q&A Soon!,2021-09-27T16:12:46Z
Z2LbFv6_ZZg,UCwFRGieumnh1MrM5F3D65Tg,#FullyLoaded with Team SOUL,2021-09-27T07:01:26Z
mTdcWAUxut4,UCwFRGieumnh1MrM5F3D65Tg,SHORT STREAM | BGMI RANK PUSH | REGALTOS IS LIVE,2021-09-26T18:09:24Z
M9BhP9buCek,UCwFRGieumnh1MrM5F3D65Tg,"NEW TEAM , NEW LIFE , NEW MORTAL",2021-09-25T18:32:27Z
4tyUHcv-S7Y,UCwFRGieumnh1MrM5F3D65Tg,18 Solo Kills WWCD in ERANGEL,2021-09-25T06:00:14Z
geQLMv4OoJA,UCwFRGieumnh1MrM5F3D65Tg,CHICKEN HUNTING WITH RANDOMS | REGALTOS IS LIVE | BATTLEGROUNDMOBILEINDIA,2021-09-24T18:13:00Z
nt5X2covZso,UCwFRGieumnh1MrM5F3D65Tg,Unboxing Realme Narzo 50 Series | Mighty Performance Inside,2021-09-24T07:20:00Z
eidgWy7THhM,UCwFRGieumnh1MrM5F3D65Tg,UNBOXING VR HEADSET | New Gaming Room??,2021-09-23T04:00:12Z
S6KtBdkAde0,UCwFRGieumnh1MrM5F3D65Tg,MAXING ROYAL PASS M3 | 10 ROYAL PASS GIVEAWAY | BGMI,2021-09-19T04:00:14Z
VEF47EehFV8,UCwFRGieumnh1MrM5F3D65Tg,REGALTOS VS MAVI | TDM 1VS1,2021-09-18T12:45:14Z
7gwVkHS05iU,UCwFRGieumnh1MrM5F3D65Tg,REGALTOS VS MAVI- 10 RP GIVEAWAY! | WINZO WORLD WAR EVENT |,2021-09-18T07:18:14Z
8uPtWw_5T7s,UCwFRGieumnh1MrM5F3D65Tg,5 vs 5  | PLAYING VALORANT | EASY JETT MAIN,2021-09-16T19:31:56Z
4XZTubLzHnI,UCwFRGieumnh1MrM5F3D65Tg,2 Hackers in 1 Match | BGMI,2021-09-15T11:30:14Z
0pwr0VdZQ9s,UCwFRGieumnh1MrM5F3D65Tg,REGALTOS + @MAVIOP  VS @MortaLyt + @SOULVipeR18 | 2V2 TDM,2021-09-14T13:30:13Z
UscnRXGxlaU,UCwFRGieumnh1MrM5F3D65Tg,NEW INFLUENCER IN THE HOUSE | DAILY VLOGS ABSE,2021-09-12T07:45:49Z
WpECEfm14UQ,UCwFRGieumnh1MrM5F3D65Tg,21 FINISHES CHICKEN DINNER | ZONE KO YAAD AAYI HUMARI 😼 | TEAM SOUL,2021-09-11T16:15:11Z
7iBTaOd2e_E,UCwFRGieumnh1MrM5F3D65Tg,SADDEST ENDING IN BGMI | SANHOK | 23 KILLS | REGALTOS,2021-09-11T04:30:13Z
8qMgXY33Bks,UCwFRGieumnh1MrM5F3D65Tg,MAXING X SUIT | AAJ KE BAD NO CRATE OPENING | UNLUCKY,2021-09-09T15:30:03Z
-NSyWy3KvR0,UCwFRGieumnh1MrM5F3D65Tg,SOLO 23 KILLS CHICKEN DINNER WITH RANDOMS | FUN WITH RADNOMS | BGMI,2021-09-08T15:45:01Z
YvP8-2HsBtI,UCwFRGieumnh1MrM5F3D65Tg,CHICKEN HUNTING WITH RANDOMS | REGALTOS IS LIVE | BATTLEGROUNDMOBILEINDIA,2021-09-07T17:48:43Z
Rjwl2NvPq-0,UCwFRGieumnh1MrM5F3D65Tg,SPRAY TO HAI #bgmi,2021-09-06T17:35:29Z
CwQ2WX2T3cM,UCwFRGieumnh1MrM5F3D65Tg,Live stream update,2021-09-06T15:41:19Z
Qq1QiIb3GOI,UCwFRGieumnh1MrM5F3D65Tg,SKYESPORTS CHAMPIONSHIP HIGHLIGHTS | TEAM SOUL😼,2021-09-04T07:50:23Z
g9ryYgzeR_s,UCwFRGieumnh1MrM5F3D65Tg,BGMI COMPETITIVE SCRIMS - Team SouL,2021-08-31T14:00:12Z
-MeIHsoULBg,UCwFRGieumnh1MrM5F3D65Tg,Return of Poseidon X Suit Crate Opening | part-1 | MAXING X SUIT,2021-08-27T07:00:15Z
s1yhNU-rAi4,UCwFRGieumnh1MrM5F3D65Tg,BGMI SCRIMS| LUCK HO TO KYA NI HO SKTA | WWCD,2021-08-26T08:37:18Z
9XyN2V-TqiI,UCwFRGieumnh1MrM5F3D65Tg,REGALTOS VS SCOUT - 10 RP GIVEAWAY! | WINZO WORLD WAR EVENT,2021-08-21T06:43:50Z
8sG7aysOD8M,UCwFRGieumnh1MrM5F3D65Tg,Golden Pirate AKM crate opening | should i max it ?,2021-08-18T09:30:12Z
xYgteVNLW1c,UCwFRGieumnh1MrM5F3D65Tg,Maxing Royal pass Season 2  | Regaltos,2021-08-16T13:00:13Z
NStIjvmGjts,UCwFRGieumnh1MrM5F3D65Tg,fully vaccinated | going to gaming house | regaltos,2021-08-10T12:30:15Z
XUNtAPE5h-Q,UCwFRGieumnh1MrM5F3D65Tg,ONLY CHICKEN DINNER | MAVI VS REGALTOS | BGMI CHILL STREAM,2021-08-07T17:24:24Z
GXM_l-ynQ2k,UCwFRGieumnh1MrM5F3D65Tg,ALL CLUTCHES HIGHLIGHTS |1V4 | REGALTOS,2021-08-07T08:52:06Z
UP128Ez_Ejo,UCwFRGieumnh1MrM5F3D65Tg,Fastest 1v4?,2021-08-06T07:12:17Z
vKP-kXH7JmQ,UCwFRGieumnh1MrM5F3D65Tg,is he hacking? 22 Solo Kills Chicken dinner | Regaltos | BGMI,2021-08-05T08:30:14Z
Ugx6qfn6Vdw,UCwFRGieumnh1MrM5F3D65Tg,BGMI MEHERBAAN HORA H | MATRIX + DP CRATE OPENING | LUCKIEST CRATE OPENING,2021-08-03T08:00:13Z
BLBnpkX4KJg,UCwFRGieumnh1MrM5F3D65Tg,"One of the luckiest crate opening ever | 50,000 UC | WHAT ELSE I WANT?",2021-07-31T03:30:15Z
lQoewEaJM9w,UCwFRGieumnh1MrM5F3D65Tg,RANDOMS WITH REGALTOS  | ONLY CHICKEN DINNER | REGALTOS IS LIVE,2021-07-28T17:56:20Z
Oqs9l54vHIo,UCwFRGieumnh1MrM5F3D65Tg,NOT DONE YET | AAJ SIRF CHICKEN HOGA | REGALTOS IS LIVE,2021-07-27T17:29:56Z
dVbYb4xJrJ0,UCwFRGieumnh1MrM5F3D65Tg,FINALLLYY LETS GOO | CHICKEN DINNER CHALLENGE | REGALTOS IS LIVE,2021-07-26T17:05:13Z
XR5zOPoxOVo,UCwFRGieumnh1MrM5F3D65Tg,FINALLLYY LETS GOO | CHICKEN DINNER CHALLENGE | REGALTOS IS LIVE,2021-07-25T17:18:53Z
X1f7qjSJzHY,UCwFRGieumnh1MrM5F3D65Tg,Call of Duty Mobile X Codashop Challenge,2021-07-24T15:48:50Z
MTZo-E2Vi_Q,UCwFRGieumnh1MrM5F3D65Tg,S8ul and 8bit cheer for India | Tokyo Olympics 2020 #cheer4India #tokyoOlympics2020,2021-07-24T15:38:29Z
UUZnXc29glQ,UCwFRGieumnh1MrM5F3D65Tg,Finallyy at gaming house || VLOG ||,2021-07-24T09:30:13Z
gltNXPYEaKk,UCwFRGieumnh1MrM5F3D65Tg,FINALLLYY LETS GOO | CHICKEN DINNER CHALLENGE | REGALTOS IS LIVE,2021-07-23T18:29:18Z
upFSouQJyLU,UCwFRGieumnh1MrM5F3D65Tg,"50,000UC CRATE OPENING IN BGMI",2021-07-21T13:30:15Z
IoRgBDmX_DM,UCwFRGieumnh1MrM5F3D65Tg,CODM Team CODA - Red unveiling,2021-07-15T16:03:26Z
KrPDx3H2Chc,UCwFRGieumnh1MrM5F3D65Tg,"1,00,000 UC CRATE OPENING | GOT ALL THE TESLA SKINS IN HOW MUCH UC?",2021-07-15T05:51:13Z
ZEUIxMxKpQo,UCwFRGieumnh1MrM5F3D65Tg,What if Mavi and Mortal become joint IGL of SouL | BGMI SCRIMS HIGHLIGHTS,2021-07-14T08:30:12Z
unkHsZ4sSGo,UCwFRGieumnh1MrM5F3D65Tg,PRACTICING FULL GYRO ON | CHICKEN DINNER CHALLENGE | REGALTOS IS LIVE,2021-07-12T18:49:38Z
OSTv6svqm-E,UCwFRGieumnh1MrM5F3D65Tg,When there is a Girl in your Team | Mercy agar bhai manta h xD,2021-07-11T07:00:13Z
aino7yxvsyo,UCwFRGieumnh1MrM5F3D65Tg,PRACTICING FULL GYRO ON | CHICKEN DINNER CHALLENGE | REGALTOS IS LIVE,2021-07-10T17:45:27Z
YehgwE6M9dw,UCwFRGieumnh1MrM5F3D65Tg,-100 iq decision by MortaL | epic comeback ever| Regaltos @8bitbeg4mercy2 vs @MortaLyt @PAYALGAMING,2021-07-10T04:15:14Z
PswvirmcQ_Q,UCwFRGieumnh1MrM5F3D65Tg,BGMI SENT ME AN AIRDROP ....,2021-07-09T05:00:17Z
QOn3-9jMliE,UCwFRGieumnh1MrM5F3D65Tg,NOT DONE YET | AAJ SIRF CHICKEN HOGA FT MERCY| REGALTOS IS LIVE,2021-07-08T18:38:21Z
14xQMW8p6HM,UCwFRGieumnh1MrM5F3D65Tg,RANDOMS WITH REGALTOS | ONLY CHICKEN DINNER | REGALTOS IS LIVE,2021-07-07T18:20:04Z
aX0DnB8Ej58,UCwFRGieumnh1MrM5F3D65Tg,FUNNIEST BGMI MATCH EVER | TROLLING EACH OTHERS | REGALTOS,2021-07-07T08:03:55Z
g9AuXQlOaQQ,UCwFRGieumnh1MrM5F3D65Tg,EK CLUTCH PAR EK BUTTON KHULEGA | FUNNY BGMI HIGHLIGHTS | REGALTOS,2021-07-06T08:17:06Z
DB12aMqz0uk,UCwFRGieumnh1MrM5F3D65Tg,ONLY CHICKEN DINNER TODAY | REAL GRIND BEGINS | REGALTOS IS LIVE,2021-07-05T18:15:58Z
G75xhBj2KZI,UCwFRGieumnh1MrM5F3D65Tg,15 ROYAL PASS GIVEAWAY | RANDOM GAMES| REGALTOS IS LIVE | !LIVE,2021-07-04T17:44:51Z
SR0PBkE3nGE,UCwFRGieumnh1MrM5F3D65Tg,15 ROYAL PASS GIVEAWAY | CUSTOM ROOMS | REGALTOS IS LIVE | !LIVE,2021-07-03T18:19:30Z
22grAMRIro8,UCwFRGieumnh1MrM5F3D65Tg,24 SOLO KILLS CHICKEN DINNER | BATTELGROUND MOBILE,2021-07-02T09:04:02Z
W3KIuR-D6yE,UCwFRGieumnh1MrM5F3D65Tg,RANK PUSH WITH RANDOMS | ONLY CHICKEN DINNER | REGALTOS IS LIVE,2021-07-01T17:53:55Z
yGF0P1sUn5E,UCwFRGieumnh1MrM5F3D65Tg,RANK PUSH WITH RANDOMS | ONLY CHICKEN DINNER | REGALTOS IS LIVE,2021-06-30T18:12:44Z
Go_f0yZqTMQ,UCwFRGieumnh1MrM5F3D65Tg,GETTING BACK AT THIS GAME | BATTLEGROUND MOBILE | M249 IS STILL OVERPOWERED |,2021-06-30T07:53:53Z
llqK2pCqtME,UCwFRGieumnh1MrM5F3D65Tg,Realme Narzo Players League | REGA'S POV | BGMI Exhibition Matches #UnleashPeakPerformance,2021-06-28T16:34:23Z
3PSs4HAzcq0,UCwFRGieumnh1MrM5F3D65Tg,AMD Ryzen Radeon Invitational | Apex Legends | Day 1,2021-06-26T11:58:28Z
HzITKx1W_fU,UCwFRGieumnh1MrM5F3D65Tg,2 M celebration | My Friends gave me a surprise,2021-06-26T08:15:18Z
1k9XkzZFvsM,UCwFRGieumnh1MrM5F3D65Tg,SERIOUS RANK PUSH WITH RANDOMS| THANK YOU FOR 2 MILLION | REGALTOS IS LIVE | BATTLEGROUNDMOBILEINDIA,2021-06-25T10:15:41Z
5RG1JUl4ev0,UCwFRGieumnh1MrM5F3D65Tg,RANK PUSH WITH RANDOMS | ONLY CHICKEN DINNER | REGALTOS IS LIVE,2021-06-24T18:17:07Z
HkiElR8cYD8,UCwFRGieumnh1MrM5F3D65Tg,Regaltos unboxs realme narzo 30 5G #UnleashPeakPerformance,2021-06-24T09:41:32Z
Nss5lQWUq4Q,UCwFRGieumnh1MrM5F3D65Tg,THANKYOU FOR 2M  EVERYONE.,2021-06-24T08:00:14Z
BecqVOJanbk,UCwFRGieumnh1MrM5F3D65Tg,SERIOUS RANK PUSH WITH RANDOMS| THANK YOU FOR 2 MILLION | REGALTOS IS LIVE | BATTLEGROUNDMOBILEINDIA,2021-06-23T18:36:17Z
cjdkVUfso5s,UCwFRGieumnh1MrM5F3D65Tg,SERIOUS RANK PUSH WITH RANDOMS | ROAD TO 2 MILLION | REGALTOS IS LIVE | BATTLEGROUNDMOBILEINDIA,2021-06-22T18:15:47Z
SaSnoVgf2wg,UCwFRGieumnh1MrM5F3D65Tg,Rajma Chawal and Fun at Cp,2021-06-22T08:00:12Z
M0W_DjaCcjk,UCwFRGieumnh1MrM5F3D65Tg,SERIOUS RANK PUSH WITH RANDOMS | ROAD TO 2 MILLION | REGALTOS IS LIVE | BATTLEGROUNDMOBILEINDIA,2021-06-21T18:16:08Z
YuZSepRvbWg,UCwFRGieumnh1MrM5F3D65Tg,"40,000 uc crate opening | cyber power spin | luckiest crate opening",2021-06-21T05:00:17Z
2qp0Lzkoyl4,UCwFRGieumnh1MrM5F3D65Tg,RANK PUSH + SUBSCRIBERS GAMES | ROAD TO 2 MILLION | REGALTOS IS LIVE | BATTLEGROUNDMOBILEINDIA,2021-06-20T17:29:03Z
MW59PMZLIW4,UCwFRGieumnh1MrM5F3D65Tg,Playing this game after 9 Months | First match in BGMI | Regaltos,2021-06-20T05:54:27Z
6AyNm5IV88w,UCwFRGieumnh1MrM5F3D65Tg,RANK PUSH + SUBSCRIBERS GAMES | REGALTOS IS LIVE | BATTLEGROUNDMOBILEINDIA,2021-06-19T18:28:15Z
RDbfCshT_gg,UCwFRGieumnh1MrM5F3D65Tg,CRATE OPENING KONG AND GODZILLA SET | MAXING ROYAL PASS IN BGMI | REGALTOS,2021-06-19T05:30:15Z
X8qQQaf0De8,UCwFRGieumnh1MrM5F3D65Tg,CHICKEN DINNER HUNTING | MAXING RP AND CRATE OPENING OF 50000 UC  | REGALTOS IS BACK | BGMI,2021-06-18T17:56:03Z
DJQbU9G6clA,UCwFRGieumnh1MrM5F3D65Tg,ReGaLtoS to SouL ReGaLtoS : BattlegroundsmobileIndia - A new start,2021-06-17T11:30:15Z
LJJxPBDzV7k,UCwFRGieumnh1MrM5F3D65Tg,vlog-14 NEW MONITOR UNBOXING PLUG MISMATCHED .,2021-06-09T07:45:34Z
DNumTac_p04,UCwFRGieumnh1MrM5F3D65Tg,REGULAR STREAMERS ARE BACK| WITH THROWERS | VALORANT RANK PUSH,2021-06-02T18:07:25Z
RLNZZ9HBV8E,UCwFRGieumnh1MrM5F3D65Tg,REGULAR STREAMERS ARE BACK| PLATINUM CHALTE AAJ | VALORANT RANK PUSH,2021-06-01T18:51:45Z
lbcWQWR0ze0,UCwFRGieumnh1MrM5F3D65Tg,PLAYING WITH THROWERS|  BRONZE LEVEL PLAYERS | VALORANT RANK PUSH,2021-05-30T18:26:03Z
YBmT6yjySh0,UCwFRGieumnh1MrM5F3D65Tg,SURPRISE AT 25K LIKES | VALORANT LIVE RANK PUSH WITH THROWERS,2021-05-28T18:40:31Z
P9WEQRn-Ybw,UCwFRGieumnh1MrM5F3D65Tg,PLAYING WITH THREE BRONZE LEVEL PLAYERS | VALORANT RANK PUSH,2021-05-20T19:05:07Z
qnNB5hJcgiY,UCwFRGieumnh1MrM5F3D65Tg,PLAYING WITH THREE BRONZE LEVEL PLAYERS | VALORANT RANK PUSH,2021-05-19T16:45:11Z
Gb7b9ivAFHQ,UCwFRGieumnh1MrM5F3D65Tg,Gamers For India Fundraiser For Covid19 Relief With MPL Esports,2021-05-15T15:54:42Z
kXh-Fyj-xzA,UCwFRGieumnh1MrM5F3D65Tg,Easiest Challenge Ever,2021-05-15T10:13:34Z
EIIS-tHKnd4,UCwFRGieumnh1MrM5F3D65Tg,kabhi bhi ese market mat jana,2021-05-11T02:30:01Z
qXhuwYLdCho,UCwFRGieumnh1MrM5F3D65Tg,Technical Didi disabled her new phone on the very first day xD,2021-05-10T12:30:16Z
p0rXPPrnWhg,UCwFRGieumnh1MrM5F3D65Tg,firse kharcha hote hue...  xD,2021-05-08T02:30:13Z
DhzEPO8BTqw,UCwFRGieumnh1MrM5F3D65Tg,Pro level unboxing Part -2 | REAL ME 8 | Technical Rega xD,2021-05-06T04:30:18Z
OQK6avamFAo,UCwFRGieumnh1MrM5F3D65Tg,GOL ROTI Bahot dino se nai dekhi ..,2021-05-05T02:30:03Z
z66U6cugOPk,UCwFRGieumnh1MrM5F3D65Tg,We had to get Tested.,2021-05-03T02:30:04Z
m1LV6WNu4kU,UCwFRGieumnh1MrM5F3D65Tg,Pro Level unboxing with technical didi xD,2021-05-02T02:30:03Z
dG278hIM7Yk,UCwFRGieumnh1MrM5F3D65Tg,finally ordered new mac book,2021-04-30T03:45:00Z
A1esQ1z5ZX4,UCwFRGieumnh1MrM5F3D65Tg,she is not giving me chocolate :D,2021-04-29T03:30:01Z
wpjEThfUM88,UCwFRGieumnh1MrM5F3D65Tg,"nariyal pani me pani nahi tha | another day, another fight",2021-04-28T02:30:06Z
EQPBLL8Az3c,UCwFRGieumnh1MrM5F3D65Tg,Ek chocolate ke upar ladai ...,2021-04-27T02:30:01Z
xMu_FEhVx3A,UCwFRGieumnh1MrM5F3D65Tg,always help others ..,2021-04-26T02:30:05Z
gkOaZar6uWo,UCwFRGieumnh1MrM5F3D65Tg,She is getting better in cooking,2021-04-25T02:30:11Z
W89uhY7z2fg,UCwFRGieumnh1MrM5F3D65Tg,Lockdown Vlog -1 |  GHAR ME RAHO,2021-04-24T04:45:17Z
9v2NctTVRRw,UCwFRGieumnh1MrM5F3D65Tg,Breeze Map : Forsaken bundle and ACT 3 | Early Access,2021-04-23T20:06:34Z
9upBiNFzVh0,UCwFRGieumnh1MrM5F3D65Tg,Serious Rank Push With Serious Throwers| lets GO to Diamond,2021-04-23T13:03:00Z
ANz3YIUtmC8,UCwFRGieumnh1MrM5F3D65Tg,Funny Moments | Stream Highlights | HUMAN FALL FLAT,2021-04-23T03:30:18Z
Pnjzo-ROexw,UCwFRGieumnh1MrM5F3D65Tg,VALORANT RANK PUSH | lets GO to Diamond   | Serious Rank Push,2021-04-22T08:31:51Z
2JSviFUkWvM,UCwFRGieumnh1MrM5F3D65Tg,VALORANT RANK PUSH WITH BEST THROWERSSS | REGALTOS,2021-04-19T18:58:16Z
LQ8FsKwJBhU,UCwFRGieumnh1MrM5F3D65Tg,VALORANT RANK PUSH WITH BEST THROWERSSS | REGALTOS,2021-04-19T13:04:42Z
VbWgzjapFrg,UCwFRGieumnh1MrM5F3D65Tg,HUMAN FALL FLAT | CHILL GAMES TODAYYYY | REGALTOS,2021-04-18T18:53:20Z
MpbGtDfoPYI,UCwFRGieumnh1MrM5F3D65Tg,Valorant Now | Minecraft done,2021-04-18T11:16:19Z
G9-2aUGpXlE,UCwFRGieumnh1MrM5F3D65Tg,VALORANT RANK PUSH WITH THROWER  | RAZE MAIN OR WHATT?,2021-04-17T12:27:13Z
itS4wmeSIXY,UCwFRGieumnh1MrM5F3D65Tg,VALORANT RANK PUSH WITH THROWER  | RAZE MAIN OR WHATT?,2021-04-15T09:37:49Z
8v4GVj6nckc,UCwFRGieumnh1MrM5F3D65Tg,Most Irritating Game ever | frustrated *,2021-04-15T04:15:16Z
RfusDu8VzPo,UCwFRGieumnh1MrM5F3D65Tg,VALORANT RANK PUSH WITH THROWER  | RAZE MAIN OR WHATT?,2021-04-14T18:33:38Z
XeeyUsvt1nE,UCwFRGieumnh1MrM5F3D65Tg,VALORANT RANK PUSH WITH THROWER    | LATE NIGHT STREAM | RAZE MAIN OR WHATT?,2021-04-13T20:47:29Z
jfeVLCMmtA8,UCwFRGieumnh1MrM5F3D65Tg,TOUGH TO CHOOSE - EITHER.IO ( WOULD YOU RATHER ),2021-04-10T03:45:17Z
fURZw6h4ndQ,UCwFRGieumnh1MrM5F3D65Tg,VALORANT RANK PUSH WITH THROWERS | RAZE MAIN OR WHATT?,2021-04-09T11:48:05Z
MZPLg3a54rk,UCwFRGieumnh1MrM5F3D65Tg,#Vlog 8 | Setting Up My Gaming ROOM,2021-04-09T04:15:15Z
vnZitdk260o,UCwFRGieumnh1MrM5F3D65Tg,ME AND MY DEMONS - VALORANT MONTAGE,2021-04-08T03:30:17Z
34QpBsqVhO8,UCwFRGieumnh1MrM5F3D65Tg,FIRST EVER CASTING WITH @8bitMAMBA | Carried Mamba,2021-04-06T10:00:17Z
dgu5PeMaDRY,UCwFRGieumnh1MrM5F3D65Tg,NEW Among us map - AIRSHIP | PERFECT IMPOSTOR,2021-04-04T05:00:18Z
cFJpGkbcIVA,UCwFRGieumnh1MrM5F3D65Tg,VALORANT RANK PUSH WITH REBEL | RAZE MAIN OR WHATT?,2021-04-01T19:27:42Z
3uH5Is4InGs,UCwFRGieumnh1MrM5F3D65Tg,IMPOSTOR BANA DOOOO  |Among Us With ReGaLToS,2021-03-31T19:02:47Z
vINRi33BEKA,UCwFRGieumnh1MrM5F3D65Tg,MPL Esports Arena 2021 WCC MastersTM Grand Finale With Soul Regaltos,2021-03-27T16:09:58Z
57qi898l2BY,UCwFRGieumnh1MrM5F3D65Tg,Visiting the Museum of illusion *Crazy Experience!* | Vlog No 6,2021-03-24T13:30:15Z
1Tnley_UwoA,UCwFRGieumnh1MrM5F3D65Tg,CORSAIR Rising Champs by @EliteHubs | Team 8bit Beg4Mercy vs Team Hydraflick | BO3,2021-03-24T12:16:01Z
KkDsVdQkdk0,UCwFRGieumnh1MrM5F3D65Tg,RANK PUSH TO DIAMOND : VALORANT | EZZZZ GAME xD  |,2021-03-22T19:06:38Z
FXbQ-j8cdY8,UCwFRGieumnh1MrM5F3D65Tg,RANK PUSH TO DIAMOND : VALORANT | EZZZZ GAME xD with TEDDYYYY,2021-03-21T19:26:50Z
sTpkHEb3taQ,UCwFRGieumnh1MrM5F3D65Tg,CORSAIR Rising Champs by @EliteHubs | MORTAL VS BEG4MERCY | Streamer's Invitational [ BO3,2021-03-17T21:45:12Z
gkYddaCI4Pk,UCwFRGieumnh1MrM5F3D65Tg,CORSAIR Rising Champs by @EliteHubs | TEAM Mili vs  beg4mercy | Streamer's Invitational [ BO3,2021-03-17T11:08:35Z
o10Di5eH3rA,UCwFRGieumnh1MrM5F3D65Tg,CRAZIEST FRIENDS EVER !! ( PULL THE TOILET PAPER CHALLENGE),2021-03-12T08:30:19Z
bJbt7zz6EP4,UCwFRGieumnh1MrM5F3D65Tg,POCO POWER STREAM  | HIGHLIGHTS #POCOX3,2021-03-10T03:30:16Z
pSS72V5_ffc,UCwFRGieumnh1MrM5F3D65Tg,PUBG TDM | 2 VS 2 | TEAM MORTAL VS TEAM REGALTOS,2021-03-07T12:00:18Z
cxoKkgOcwEg,UCwFRGieumnh1MrM5F3D65Tg,FUNNIEST  CHALLENGE EVER 🤣,2021-03-07T11:01:18Z
K2hwIvVMICU,UCwFRGieumnh1MrM5F3D65Tg,POCO POWER STREAM DAY4 | HIGHLIGHTS #POCOX3,2021-03-03T15:35:39Z
VoWoorZbdeY,UCwFRGieumnh1MrM5F3D65Tg,POCO POWER STREAM DAY2 | HIGHLIGHTS #POCOX3,2021-02-27T16:16:20Z
nVBzx9CdPBg,UCwFRGieumnh1MrM5F3D65Tg,IMPOSTOR BANA DOOOO  |Among Us With ReGaLToS,2021-02-23T18:15:37Z
6w2CK3J60OM,UCwFRGieumnh1MrM5F3D65Tg,Vlog-5 | Scariest night out with my friends in delhi,2021-02-21T06:30:18Z
zGcD9ly5TNk,UCwFRGieumnh1MrM5F3D65Tg,ONE WORD INTERVIEW WITH S8UL !,2021-02-11T07:45:14Z
iiweb1DqSt8,UCwFRGieumnh1MrM5F3D65Tg,BOOOM BAAM CLASSICS | CHICKEN DINNER HUNTING | PUBG PC,2021-02-09T10:38:12Z
0F7Px8t4-zc,UCwFRGieumnh1MrM5F3D65Tg,WHEN PUBG MOBILE PROS PLAYS PUBG PC | HEAVY DRIVER | HIGHLIGHTS,2021-02-07T15:15:12Z
pTnCTjLsC_I,UCwFRGieumnh1MrM5F3D65Tg,PLAYING PUBG PC | BOOOM BAAAM CLASSICS | CHILL STREAM,2021-02-05T19:51:41Z
OqbBaMffLR0,UCwFRGieumnh1MrM5F3D65Tg,MINECRAFT LIVE | DEVELOPING NEW MINING AREA | REGA THA MINER,2021-02-05T12:55:14Z
7HEOySMSNhY,UCwFRGieumnh1MrM5F3D65Tg,VLOG - 4  | BUILDING MY NEW THIRD GAMING PC 🔥 |,2021-02-02T05:30:11Z
MbF46yPNV94,UCwFRGieumnh1MrM5F3D65Tg,LETS PUSH RANK IN VALORANT | SHORT STREAM | BOOM BAAAAAM MAZEEEE,2021-02-01T19:40:02Z
lKX3i-weEGM,UCwFRGieumnh1MrM5F3D65Tg,MINECRAFT LIVE || SAB BANA DENGE AAJ | BOOM BAAM STREAM,2021-01-31T12:34:33Z
htOlIAPQp-I,UCwFRGieumnh1MrM5F3D65Tg,FALL GUYS LIVE | SAARE CROWN LENE KI KOSHISH || CHILL STREAM,2021-01-28T18:12:55Z
17rckL6acKw,UCwFRGieumnh1MrM5F3D65Tg,VALORANT CHILL STREAM || RAZE KI PRACTICE ||  CHILL STREAM,2021-01-27T14:05:06Z
ch9WwEX4xfA,UCwFRGieumnh1MrM5F3D65Tg,UNRATED AND COMPETETIVE MATCHES | VALORANT LIVE | CHILL STREAM,2021-01-25T19:28:10Z
4gqgyBNoRIM,UCwFRGieumnh1MrM5F3D65Tg,MINECRAFT LIVE | BUILDING SKY IGLOOOOO || AAJ SEEKHENGE xD,2021-01-25T14:28:29Z
HtIYVq3rlfo,UCwFRGieumnh1MrM5F3D65Tg,CAN AKINATOR GUESS ME? 😳,2021-01-25T05:30:03Z
bFinPeVQkNY,UCwFRGieumnh1MrM5F3D65Tg,FINALLY BUILDING IGLOO AND ENCHANTING TOOLS | MINECRAFT LIVE | CHILL STREAM,2021-01-24T12:50:06Z
_0eQ3TlPwR8,UCwFRGieumnh1MrM5F3D65Tg,RANK PUSH IN VALORANT | ROAD TO PLATINUM || CHILL NIGHT STREAM,2021-01-23T19:20:43Z
OOJS6Khdg6U,UCwFRGieumnh1MrM5F3D65Tg,MINECRAFT || BUILDING TRADING HALL || CHILL STREAM,2021-01-20T18:02:29Z
iciH4PEHyY8,UCwFRGieumnh1MrM5F3D65Tg,VLOG-3 | WE DID SHOOT FOR MY BIG ANNOUNCEMENT  ft @sc0ut@SOUL VipeR,2021-01-20T06:00:14Z
89YvfTJ1RrU,UCwFRGieumnh1MrM5F3D65Tg,WE FOUND A SECRET TEMPLE IN MINECRAFT,2021-01-19T10:26:22Z
fp4WoJ9evyA,UCwFRGieumnh1MrM5F3D65Tg,INDIAN SERVERS : Valorant,2021-01-17T03:30:47Z
LWiumZJ8SEY,UCwFRGieumnh1MrM5F3D65Tg,UNRATED + COMPETITIVE VALORANT | RANK PUSH | CHILL STREAM,2021-01-16T09:41:48Z
i-SjMU4e6R8,UCwFRGieumnh1MrM5F3D65Tg,MINECRAFT LIVE | BUILDING TRADING HALL || CHILL STREAM,2021-01-15T16:28:58Z
LhM0yljrEos,UCwFRGieumnh1MrM5F3D65Tg,DUMB WAYS TO DIE IN NETHER,2021-01-15T04:00:13Z
6uh7MuXgFp8,UCwFRGieumnh1MrM5F3D65Tg,MINECRAFT LIVE || BUILDING TRADING HALL AND COMPLETING SKY ISLAND,2021-01-14T15:01:34Z
2uvqRfJY-Jo,UCwFRGieumnh1MrM5F3D65Tg,MINECRAFT LIVE || BUILDING TRADING HALL AND COMPLETING SKY ISLAND,2021-01-14T13:03:12Z
wf_NBlzeuMk,UCwFRGieumnh1MrM5F3D65Tg,MINECRAFT LIVE || BUILDING TRADING HALL AND COMPLETING SKY ISLAND,2021-01-13T16:00:17Z
CAAh0auDmnw,UCwFRGieumnh1MrM5F3D65Tg,VALORANT LIVE WITH REGALTOS || NEW ACT SOONNN | CHILL STREAM,2021-01-12T18:15:54Z
p0rc3IHDh5o,UCwFRGieumnh1MrM5F3D65Tg,VALORANT UNRATED GAMES | CHILL STREAM WITH REGALTOS,2021-01-11T19:12:59Z
oZE819nwZe8,UCwFRGieumnh1MrM5F3D65Tg,AMONG US NEW PROXIMITY CHAT FUNNY HIGHLIGHTS || PART 2,2021-01-10T15:30:12Z
R8_ldg8XkqY,UCwFRGieumnh1MrM5F3D65Tg,VISITING POTHEADS SOLITARY CRAFT KINGDOM || MINECRAFT LIVE,2021-01-10T12:49:54Z
VjAcgvUQLbQ,UCwFRGieumnh1MrM5F3D65Tg,Among us at 10 Pm || ek dum 100 iq gameplay |,2021-01-09T18:20:03Z
cFnycwMFd4k,UCwFRGieumnh1MrM5F3D65Tg,MINING IN THE NETHERWORLD FOR  3 HOURS | MINECRAFT,2021-01-08T18:34:50Z
bZyw91rSsIw,UCwFRGieumnh1MrM5F3D65Tg,VALORANT RANK PUSH ONLY || EK DUM VO  LEVEL VALA GAMEPLAY |  CHILL STREAM |,2021-01-08T11:44:33Z
rppuhs7Wyto,UCwFRGieumnh1MrM5F3D65Tg,VALORANT LIVE NOW || BUILDING VILLAGER TRADING HALL AND COMPLETING SKY ISLAND || MINECRAFT,2021-01-07T14:32:34Z
INyQ_qAvpDE,UCwFRGieumnh1MrM5F3D65Tg,WE FINALLY BUILD OUR IRON FARM | MINECRAFT,2021-01-07T04:30:13Z
n5K2lvsgy08,UCwFRGieumnh1MrM5F3D65Tg,BUILDING SKY ISLAND AND COMPLETING FIRST GLASS BASE || MINECRAFT,2021-01-05T15:29:30Z
pBx7gA4ye30,UCwFRGieumnh1MrM5F3D65Tg,New Proximity Chat in Among us | 🤣,2021-01-04T17:00:14Z
4U18-9ZvkSU,UCwFRGieumnh1MrM5F3D65Tg,LIVE ENCHANTING TOOLS AND BUILDING IRON FARM || MINECRAFT,2021-01-04T15:33:02Z
GBPbtU4_Cy8,UCwFRGieumnh1MrM5F3D65Tg,IMPOSTER KON HAI ? || AMONG US WITH REGALTOS | CHILL STREAM,2021-01-03T18:37:29Z
Ha0plUthpWc,UCwFRGieumnh1MrM5F3D65Tg,MINECRAFT || BUILDING SKY ISLAND  AND XP FARM | COMPLETING LAVA BASE TODAY   | CHILL STREAM ||,2021-01-03T13:53:06Z
di5r1-64NlM,UCwFRGieumnh1MrM5F3D65Tg,We Found a Underwater treasure in Minecraft,2021-01-02T16:31:22Z
abqQm8ZFqGw,UCwFRGieumnh1MrM5F3D65Tg,MINECRAFT || BUILDING SKY ISLAND  | CHILL STREAM ||,2021-01-02T15:48:08Z
egBP00gVTFw,UCwFRGieumnh1MrM5F3D65Tg,MINECRAFT ||EXPLORING BAD LANDS AND SURPRISE ISLAND BUILDING BEGINS SOON ||,2021-01-01T14:42:45Z
j19p3hm-fso,UCwFRGieumnh1MrM5F3D65Tg,Valorant 5vs5 | Infinite Abilities | Unlimited Fun,2020-12-31T15:00:14Z
KjidiX1IvlM,UCwFRGieumnh1MrM5F3D65Tg,VALORANT RANK PUSH WITH DEMOTIVATED PLAYER | CHILL STREAMMM,2020-12-31T12:49:18Z
09ViNUuwI3w,UCwFRGieumnh1MrM5F3D65Tg,MINECRAFT | TREASURE HUNTING AND MINING  || CHILL STREAM,2020-12-30T17:06:55Z
4y6DswSuZVA,UCwFRGieumnh1MrM5F3D65Tg,MINECRAFT | SHURU SE SHURU KARENGE  || CHILL STREAM,2020-12-29T19:40:30Z
m1DhYLjRQ-8,UCwFRGieumnh1MrM5F3D65Tg,MINECRAFT | SHURU SE SHURU KARENGE  || CHILL STREAM,2020-12-28T19:16:59Z
bPeeNrXX7Yk,UCwFRGieumnh1MrM5F3D65Tg,[Hindi] Grand Finals | 5v5 & Battle Royale | Call of Duty Mobile India Challenge,2020-12-28T16:46:01Z
zv_3DY0_9MM,UCwFRGieumnh1MrM5F3D65Tg,RANK PUSH IN VALORANT | AAJ MERCY PLATINUM JAAYEGA xD || CHILL STREAM,2020-12-27T19:57:20Z
CGfx7_G24xY,UCwFRGieumnh1MrM5F3D65Tg,MY CUSTOMISED DREAM PC IS FINALLY HERE || FT. AORUS and AMD,2020-12-26T13:45:12Z
QucoYlWR9O8,UCwFRGieumnh1MrM5F3D65Tg,Aggressive Raze and Sova Plays | Funny Moments | 200 iq satchels,2020-12-25T05:35:57Z
2VSe2AZgAtE,UCwFRGieumnh1MrM5F3D65Tg,Kitne diamonds Milenge aaj | Rega The Miner  Lets Play Minecraft  | Chill Stream,2020-12-23T16:40:39Z
wLc-59CbwSI,UCwFRGieumnh1MrM5F3D65Tg,Building our Gaming House in Minecraft |,2020-12-23T05:45:13Z
T8lv9kMWaa4,UCwFRGieumnh1MrM5F3D65Tg,Rega The Builder |  Lets Play Minecraft  | Chill Stream,2020-12-22T18:25:06Z
EaTqu1otTYs,UCwFRGieumnh1MrM5F3D65Tg,When you Finally Get imposter | Among Us Highlights,2020-12-22T05:00:02Z
NxEudUTw-TU,UCwFRGieumnh1MrM5F3D65Tg,MINECRAFT DAY 2 ||  LETS PLAY MINECRAFT | CHILL STREAM,2020-12-20T16:44:54Z
dtqyHdUkLYE,UCwFRGieumnh1MrM5F3D65Tg,BEST CREWMATE ? |Among Us With ReGaLToS,2020-12-19T18:24:01Z
p1jxNS1CWFw,UCwFRGieumnh1MrM5F3D65Tg,I Played Minecraft For the First Time,2020-12-18T08:15:13Z
r2Ney-LPqHE,UCwFRGieumnh1MrM5F3D65Tg,AAJ SARI KALAKARI DIKHAYENGE  | LETS PLAY MINECRAFT | CHILL STREAM,2020-12-16T18:58:10Z
UrJQKhh-axU,UCwFRGieumnh1MrM5F3D65Tg,PHOENIX MAIN OR WHAT  | CHILL STREAM,2020-12-15T17:52:17Z
OsINR60iAKw,UCwFRGieumnh1MrM5F3D65Tg,PHOENIX MAIN OR WHAT  ? RANK PUSH IN VALORANT,2020-12-14T19:12:41Z
HLQqGyhvKp4,UCwFRGieumnh1MrM5F3D65Tg,Trying out Brand new game Rogue heist | INDIAN GAME,2020-12-12T15:45:14Z
Cvvjil2EWD0,UCwFRGieumnh1MrM5F3D65Tg,CHALLENGING MY IMPOSTOR TEAM MATE TO KILL A CREW MATE 😼,2020-12-10T07:30:12Z
57R9cnWyoa0,UCwFRGieumnh1MrM5F3D65Tg,WORST IMPOSTOR EVER | PART-2 | AMONG US,2020-12-07T16:30:36Z
fFweOUTsavM,UCwFRGieumnh1MrM5F3D65Tg,BEST CREWMATE ? |Among Us With ReGaLToS,2020-12-06T18:21:27Z
flMZMkxHZl0,UCwFRGieumnh1MrM5F3D65Tg,[LIVE] North East Esports Summit 2020 | Grand Finals - Day 2,2020-12-06T11:06:32Z
6lIuLRKdBVw,UCwFRGieumnh1MrM5F3D65Tg,[LIVE] North East Esports Summit 2020 | Grand Finals - Day 1,2020-12-05T11:16:27Z
R34z85q7ikI,UCwFRGieumnh1MrM5F3D65Tg,NEW HACKNEYARD MAP | GUN GAME MODE  | FUNNY MATCH,2020-12-04T15:55:06Z
rBlAxaGh7eQ,UCwFRGieumnh1MrM5F3D65Tg,Let's Play COD- MOBILE | CHILL STREAM,2020-12-03T10:25:56Z
kEdYd-h4fy0,UCwFRGieumnh1MrM5F3D65Tg,Guess the Sketch | Professional Drawing in Skribbl,2020-12-01T16:00:12Z
-HJNFZBhDds,UCwFRGieumnh1MrM5F3D65Tg,Let's Play COD- MOBILE | CHILL STREAM,2020-11-30T17:59:31Z
6-BCRqv6PBQ,UCwFRGieumnh1MrM5F3D65Tg,Best Among us moments | Part 2,2020-11-27T17:23:54Z
luSZQGhW_GY,UCwFRGieumnh1MrM5F3D65Tg,BEST MULTIPLAYER MODE EVER || CALL OF DUTY: MOBILE,2020-11-24T05:30:56Z
kBzeu7JnRw0,UCwFRGieumnh1MrM5F3D65Tg,HOW TO BECOME SUS  IN AMONG US,2020-11-21T14:49:11Z
BjBB8stJOH4,UCwFRGieumnh1MrM5F3D65Tg,Call of Duty Mobile India Invitational |  | #CODMII,2020-11-20T11:51:11Z
1okSJrF5aOM,UCwFRGieumnh1MrM5F3D65Tg,I COOKED BUTTER CHICKEN FOR THE FIRST TIME FOR MY FAMILY 😋 |,2020-11-20T09:00:12Z
4GImKGOmqBk,UCwFRGieumnh1MrM5F3D65Tg,MAXING OUT NEW SEASON BATTLE PASS  AND DOING CRATE OPENING,2020-11-17T14:00:12Z
T4Hurolpcpk,UCwFRGieumnh1MrM5F3D65Tg,Let's Play COD- MOBILE | DARK SEASON 12 IS HERE !,2020-11-15T19:15:28Z
GJVofW6o4qg,UCwFRGieumnh1MrM5F3D65Tg,Buying 12 pro max 🔥and a day full of excitement  ft @8bitGoldygg  and @8bitrebel  | vlog1,2020-11-15T08:30:16Z
tnWgZ9Wh7_Q,UCwFRGieumnh1MrM5F3D65Tg,Let's Play COD- MOBILE | BOOM BAAM STREAM,2020-11-12T18:54:49Z
l0xnZjoKCps,UCwFRGieumnh1MrM5F3D65Tg,Impostor kon hai ? | Among Us With ReGaLToS,2020-11-11T18:56:51Z
66GFPjB4RRs,UCwFRGieumnh1MrM5F3D65Tg,Impostor kon hai ? | Among Us With ReGaLToS,2020-11-11T16:52:26Z
WdePgUDBziI,UCwFRGieumnh1MrM5F3D65Tg,Among US but We cant Report Bodies...,2020-11-08T15:28:18Z
CjbzhkNdqVg,UCwFRGieumnh1MrM5F3D65Tg,Impostor kon hai ? | Among Us With ReGaLToS,2020-11-07T19:18:31Z
7ZeBBkMoM6w,UCwFRGieumnh1MrM5F3D65Tg,RANK PUSH IN VALO | FULL LAG ME GRIND,2020-11-05T16:20:50Z
alNjIF-8zik,UCwFRGieumnh1MrM5F3D65Tg,Everytime when I Die in this Game | AMONG US,2020-11-04T16:15:14Z
pj4vMhlv3Oc,UCwFRGieumnh1MrM5F3D65Tg,Your favorite duo is back as the deadliest imposters in AMONG US ft @8bit goldy,2020-11-03T11:30:14Z
HDVa7t2pTHA,UCwFRGieumnh1MrM5F3D65Tg,Impostor kon hai ? | Among Us With ReGaLToS,2020-11-02T19:21:17Z
JQ9F27smlyY,UCwFRGieumnh1MrM5F3D65Tg,SILENT KILLER IN AMONG US,2020-11-02T11:45:09Z
uuBwCwRj5Ac,UCwFRGieumnh1MrM5F3D65Tg,BEST CREWMATE ? |Among Us With ReGaLToS,2020-11-01T18:41:48Z
Q-A9kp9N7uE,UCwFRGieumnh1MrM5F3D65Tg,CONFUSED IMPOSTOR IN AMONG US ..😅,2020-10-31T07:25:05Z
YnxW_ZrIPSQ,UCwFRGieumnh1MrM5F3D65Tg,Impostor kon hai? |Among Us With ReGaLToS,2020-10-30T19:46:57Z
rhdz-ZnZV5w,UCwFRGieumnh1MrM5F3D65Tg,Call Of Duty Mobile Battle pass Opening | New Skins,2020-10-29T04:31:03Z
sdtDPJxJZbg,UCwFRGieumnh1MrM5F3D65Tg,Among Us Ghost Reports Dead body | Epic save by second impostor @SOULVipeR18,2020-10-28T07:00:13Z
au4nLPyPqrU,UCwFRGieumnh1MrM5F3D65Tg,Impostor kon hai? |Among Us With ReGaLToS,2020-10-27T18:13:03Z
OWxZt6BNPH0,UCwFRGieumnh1MrM5F3D65Tg,Call of Duty- Mobile Halloween | BOOM BAAM BATTLE ROYALE,2020-10-27T10:59:54Z
I5N8Sf_uH7g,UCwFRGieumnh1MrM5F3D65Tg,Impostor kon hai ? | Among Us With ReGaLToS,2020-10-26T18:10:02Z
AApyfw4_bQc,UCwFRGieumnh1MrM5F3D65Tg,Call of Duty- Mobile Halloween | BOOM BAAM STREAM,2020-10-24T18:26:00Z
rEnv6wqwVCU,UCwFRGieumnh1MrM5F3D65Tg,BEST AMONG US MOMENTS EVER,2020-10-23T18:00:13Z
Kn9XlXIiCKc,UCwFRGieumnh1MrM5F3D65Tg,Impostor kon hai? |Among Us With ReGaLToS,2020-10-22T17:21:06Z
z2Qf_QBgHd8,UCwFRGieumnh1MrM5F3D65Tg,-200 IQ IMPOSTOR GAMEPLAY | AMONG US #7,2020-10-22T04:30:03Z
deVrwwUK7jI,UCwFRGieumnh1MrM5F3D65Tg,Rocket League With ReGaLtoS | BooM BaaM Stream,2020-10-20T17:57:57Z
veqYsQkLXFg,UCwFRGieumnh1MrM5F3D65Tg,The greatest Among us impostor | #6 Among us,2020-10-20T04:30:14Z
B1pc5ZZW4a4,UCwFRGieumnh1MrM5F3D65Tg,Impostor kon hai ? | Among Us With ReGaLToS,2020-10-19T19:08:14Z
90dS9QnrK_k,UCwFRGieumnh1MrM5F3D65Tg,Unbelievable glitch  | Among us #5,2020-10-19T05:46:21Z
ezYANmDn9Es,UCwFRGieumnh1MrM5F3D65Tg,SOLO VS SQUAD | 18 KILLS  - NEW ALCATRAZ MAP,2020-10-18T15:30:58Z
0kVWNdD8K2A,UCwFRGieumnh1MrM5F3D65Tg,Everytime when i do this mission || Unlucky Crew Mate || Among Us #5,2020-10-18T05:00:14Z
n80m_aY050U,UCwFRGieumnh1MrM5F3D65Tg,Let's Play COD- MOBILE | BOOM BAAM STREAM,2020-10-17T12:14:22Z
ojodDBI0OXg,UCwFRGieumnh1MrM5F3D65Tg,Winner Announcement - Lenovo !,2020-10-17T04:30:11Z
4yOtGaEWDnE,UCwFRGieumnh1MrM5F3D65Tg,Impostor kon hai ? | Among Us With ReGaLToS,2020-10-16T19:26:13Z
KUWQNAi8pW0,UCwFRGieumnh1MrM5F3D65Tg,"Call Of Duty Mobile with ReGaLtos | 1 Year Anniversary - 50,000 Rs Google play Gift Cards giveaway",2020-10-16T12:37:55Z
t8ck3a9t3Is,UCwFRGieumnh1MrM5F3D65Tg,"Call Of Duty Mobile with ReGaLtos | 1 Year Anniversary - 50,000 Rs Google play Gift Cards giveaway",2020-10-15T18:41:28Z
Y0HZrEv1b3w,UCwFRGieumnh1MrM5F3D65Tg,Valorant Grind- Boom Baam Chill Stream,2020-10-14T19:08:14Z
69UxAKYR8mU,UCwFRGieumnh1MrM5F3D65Tg,How to always lose as impostor in Among us -#4 Among us Highlight,2020-10-14T03:45:11Z
YPS14AbHRj0,UCwFRGieumnh1MrM5F3D65Tg,AMONG US - Chill Stream | Masoom Crew mate,2020-10-13T19:09:47Z
02Z_XIF41fY,UCwFRGieumnh1MrM5F3D65Tg,Lets Play COD Mobile | CHILL STREAM,2020-10-13T12:01:15Z
J4LDVfd0EYo,UCwFRGieumnh1MrM5F3D65Tg,Let's Play COD- MOBILE | BOOM BAAM STREAM,2020-10-11T14:57:46Z
X6i12IOgnU4,UCwFRGieumnh1MrM5F3D65Tg,Lenovo Legion unveil - SouL Regaltos live unboxing,2020-10-11T11:14:06Z
rf_KVRlvi8I,UCwFRGieumnh1MrM5F3D65Tg,Announcement to my viewers,2020-10-10T05:30:48Z
zLE9wX2TFT0,UCwFRGieumnh1MrM5F3D65Tg,Let's Play COD- MOBILE | BOOM BAAM STREAM,2020-10-08T19:53:47Z
XS3xEohLsfc,UCwFRGieumnh1MrM5F3D65Tg,LETS PLAY FREE FIRE  || CHILL STREAM WITH REGALTOS,2020-10-07T12:47:12Z
nM8HobLyezU,UCwFRGieumnh1MrM5F3D65Tg,CLASH SQUAD MATCHES ARE ALWAYS FUN !,2020-10-07T05:45:14Z
FTeXEK8TApk,UCwFRGieumnh1MrM5F3D65Tg,LETS PLAY FREE FIRE  || CHILL STREAM WITH REGALTOS,2020-10-06T14:06:20Z
WJ7bVOONzTE,UCwFRGieumnh1MrM5F3D65Tg,FUNNIEST EVENT EVER IN THIS GAME 😂 * BIG HEAD*,2020-10-05T16:30:13Z
CFm1qotqpRs,UCwFRGieumnh1MrM5F3D65Tg,LETS PLAY FREE FIRE  || CHILL STREAM WITH REGALTOS,2020-10-05T12:59:57Z
wQvbNtlUnu0,UCwFRGieumnh1MrM5F3D65Tg,LETS PLAY FREE FIRE  || CHILL STREAM WITH REGALTOS,2020-10-03T16:17:58Z
cUgxkJf1NnQ,UCwFRGieumnh1MrM5F3D65Tg,BEST CLASH SQUAD MATCH EVER WITH @TotalGaming093 @officialscoutop @MAVIOP,2020-10-03T03:30:02Z
pGEdRSMXMw4,UCwFRGieumnh1MrM5F3D65Tg,Aaj krenge shopping!!  || CHILL STREAM WITH REGALTOS,2020-10-02T14:46:55Z
Mv3sBBkzYQQ,UCwFRGieumnh1MrM5F3D65Tg,LETS PLAY FREE FIRE || CHILL STREAM WITH REGALTOS,2020-10-01T14:17:04Z
0_-_Ntyguao,UCwFRGieumnh1MrM5F3D65Tg,DUMBEST IMPOSTER MOMENT IN AMONG US 😂,2020-09-29T08:45:14Z
ZlsbFhGJHFs,UCwFRGieumnh1MrM5F3D65Tg,ROAD TO 69 WINS || FALL GUYS,2020-09-28T10:45:46Z
wfPWDUw6gqc,UCwFRGieumnh1MrM5F3D65Tg,EVERY CREW MATE WILL RELATE || AMONG US #3,2020-09-25T09:30:14Z
prSmaAfvuJ8,UCwFRGieumnh1MrM5F3D65Tg,WE ARE BACKKKKKKK | AMONG US,2020-09-23T12:51:01Z
RhW03sK0src,UCwFRGieumnh1MrM5F3D65Tg,THE 100IQ IMPOSTER STRATEGY * 😂 AMONG US #2,2020-09-20T08:44:24Z
Y0OtY_2Ryco,UCwFRGieumnh1MrM5F3D65Tg,BEHIND THE SCENES OF MY FIRST VLOG AND Q/A,2020-09-17T06:00:02Z
OEwb2azxzkA,UCwFRGieumnh1MrM5F3D65Tg,HOW TO WIN EVERY GAME | AMONG US GAMEPLAY#1,2020-09-15T14:30:13Z
vZdMkh_5o2Y,UCwFRGieumnh1MrM5F3D65Tg,AMONG US | ROCKET LEAGUE | CHILL STREAM | ROAD TO 2 MILLION,2020-09-13T20:32:49Z
DbCDeY1wp0E,UCwFRGieumnh1MrM5F3D65Tg,GAMING AS A CAREER? SPECIAL Q&A WITH REGALTOS,2020-09-13T04:30:13Z
_Ua3MxlcrzI,UCwFRGieumnh1MrM5F3D65Tg,GTA V ONLINE | CHILL STREAM | ROAD TO 2M,2020-09-12T17:38:54Z
eAOJQkqSODI,UCwFRGieumnh1MrM5F3D65Tg,REGA x FREE FIRE ZONE | CHILL STREAM | ROAD TO 2M,2020-09-11T18:28:21Z
IHn_gWftnQk,UCwFRGieumnh1MrM5F3D65Tg,"I SPENT 5,000 DIAMONDS IN FREE FIRE FOR THE FIRST TIME 🔥 || REGALTOS",2020-09-09T12:31:22Z
_2DHj6TV1j8,UCwFRGieumnh1MrM5F3D65Tg,GTA V WITH REGALTOS  || CHILL STREAM || ROAD TO 2 MILLION,2020-09-08T16:14:31Z
w_MLBVHUUl8,UCwFRGieumnh1MrM5F3D65Tg,FREE FIRE WITH REGALTOS || CHILL STREAM || ROAD TO 2 MILLION,2020-09-07T18:04:52Z
7QajfZX05jU,UCwFRGieumnh1MrM5F3D65Tg,"SPICIEST CHALLENGE EVER || 🔥CHICKEN WINGS CHALLENGE FOR RS  25,000 ft.@MortaLyt @8bitrebel",2020-09-06T15:00:14Z
uli_WYg2ftM,UCwFRGieumnh1MrM5F3D65Tg,FALL GUYS AND ROCKET LEAGUE WITH REGALTOS | CHILL STREAM,2020-09-05T17:16:11Z
tPtjWutyDVI,UCwFRGieumnh1MrM5F3D65Tg,GTA-V LIVE WITH REGALTOS || CHILL STREAM,2020-09-05T08:55:47Z
Sb5A6j8CwF4,UCwFRGieumnh1MrM5F3D65Tg,HARDEST GAME EVER | GETTING OVER IT | FUNNY AND RAGE MOMENTS,2020-09-04T08:30:13Z
Nza-1d1sxKw,UCwFRGieumnh1MrM5F3D65Tg,FALL GUYS WITH REGALTOS : CHILL STREAM  | ROAD TO 2M,2020-09-02T16:30:23Z
tf-BW-9RJXY,UCwFRGieumnh1MrM5F3D65Tg,PMBC SCRIMS HIGHLIGHTS | TEAM SOUL 🔥 | REGALTOS: PUBG MOBILE,2020-09-02T06:45:11Z
i_yusSWrkDA,UCwFRGieumnh1MrM5F3D65Tg,WHEN TEAMMATE BECAME GIRL 🤣| PLAYING WITH RANDOM 🤣 | PUBG MOBILE,2020-09-01T04:05:19Z
qRhR8xHLz6g,UCwFRGieumnh1MrM5F3D65Tg,"1,30,000 UC CRATE OPENING 🔥 | FINALLY I GOT IT🔥 | REGALTOS : PUBG MOBILE",2020-08-31T07:30:14Z
u_JrNWZpDek,UCwFRGieumnh1MrM5F3D65Tg,SCAMING  RANDOM TEAM-MATES😂 | PRANKING RANDOMS,2020-08-30T04:00:13Z
TlPpDgbzECc,UCwFRGieumnh1MrM5F3D65Tg,CLASSIC RUSH GAME |PUBG MOBILE GRIND : ROAD TO 2 MILLION,2020-08-29T18:01:13Z
Wnt_xrbknFA,UCwFRGieumnh1MrM5F3D65Tg,CLASSIC RUSH GAME |PUBG MOBILE GRIND : ROAD TO 2 MILLION,2020-08-28T17:51:05Z
7ifP8KGOxIs,UCwFRGieumnh1MrM5F3D65Tg,WORLD'S BEST SHAYARI 😅 WITH REGALTOS : PUBG MOBILE,2020-08-28T04:00:16Z
xIGUdYKelGA,UCwFRGieumnh1MrM5F3D65Tg,WHEN YOU MET GIRL TEAMMATES IN RANDOMS 😅| REGALTOS: PUBG MOBILE,2020-08-26T15:15:13Z
s8PsWmg0Ios,UCwFRGieumnh1MrM5F3D65Tg,CLASSIC RUSH GAMES  |PUBG MOBILE GRIND : ROAD TO 2 MILLION,2020-08-25T18:34:48Z
FItpS8Ve1Rg,UCwFRGieumnh1MrM5F3D65Tg,6 MINUTES OF HOW TO DIE LIKE PROS - REGALTOS : PUBG MOBILE,2020-08-25T03:45:12Z
CxMuVuVb5OM,UCwFRGieumnh1MrM5F3D65Tg,CLASSIC RUSH GAMES  |PUBG MOBILE LIVE : ROAD TO 2 MILLION,2020-08-24T17:54:07Z
_m6_2KTnYdo,UCwFRGieumnh1MrM5F3D65Tg,CAN I CLUTCH AGAINST THEM? | Team SouL : PUBG MOBILE,2020-08-24T04:00:12Z
248X3_ci-MY,UCwFRGieumnh1MrM5F3D65Tg,CLASSIC RUSH GAMES  |PUBG MOBILE LIVE : ROAD TO 2 MILLION,2020-08-23T17:55:22Z
rEwVU8tB2s8,UCwFRGieumnh1MrM5F3D65Tg,EK NADE SE 3 KNOCK 😳 :  PUBG MOBILE GAMEPLAY | TEAM SOUL,2020-08-23T07:00:13Z
fiti6LQvd-Q,UCwFRGieumnh1MrM5F3D65Tg,CLASSIC RUSH GAMES |PUBG MOBILE LIVE : ROAD TO 2 MILLION,2020-08-22T18:03:40Z
YsqFNX6Trws,UCwFRGieumnh1MrM5F3D65Tg,NEW EVENT: ANCIENT SECRET| RUSH GAMES  | PUBG MOBILE | !JOIN  | ROAD TO 2 MILLION,2020-08-19T18:37:12Z
xuvo9GaWVAE,UCwFRGieumnh1MrM5F3D65Tg,M416 ALWAYS HELPS TO DO MORE KILLS 😱 | PUBG MOBILE ft. @MortaL @Mafia Gaming @8bit Beg4 Mercy,2020-08-19T05:45:15Z
nugwV9K2glc,UCwFRGieumnh1MrM5F3D65Tg,NEW EVENT: ANCIENT SECRET  | PUBG MOBILE | !JOIN  | ROAD TO 2 MILLION,2020-08-18T18:10:32Z
tbPhsxzZRsg,UCwFRGieumnh1MrM5F3D65Tg,PUBG MOBILE | LAST ZONE 😱 | MOST INTENSE MOMENT |,2020-08-18T05:30:11Z
Yt-WSY5lZYc,UCwFRGieumnh1MrM5F3D65Tg,"CAN I GET THIS DRESS IN 50,000 UC 😱| BIGGEST CRATE OPENING 🔥 FT @MortaLyt",2020-08-17T05:30:14Z
XoEAL2TxILg,UCwFRGieumnh1MrM5F3D65Tg,😳ERANGEL 2.0 IS BETTER THAN ERANGEL? | ALL ABOUT ERANGEL 2.0 | PART-2 | PUBG MOBILE,2020-08-16T09:52:12Z
etgjt-J_C-Q,UCwFRGieumnh1MrM5F3D65Tg,FALL GUYS: ULTIMATE KNOCKOUT FUN  | ROAD TO 2 MILLION,2020-08-15T19:52:11Z
28aHZEdTpgg,UCwFRGieumnh1MrM5F3D65Tg,CHICKEN DINNER HUNTING |NEW EVENT - ANCIENT SECRET |  PUBG MOBILE | ROAD TO 2 MILLION,2020-08-14T18:39:35Z
S1_J1PXooFU,UCwFRGieumnh1MrM5F3D65Tg,PUBG MOBILE | SOLO 31 KILLS | 50 SQUAD KILLS | POWER OF M249 AND M416 |  BEST COMBO,2020-08-14T08:10:53Z
uNoi1svS2rE,UCwFRGieumnh1MrM5F3D65Tg,Adapting to the new point system in tournament| Team SouL| PUBG MOBILE,2020-08-13T09:30:12Z
ZCFpefTVU90,UCwFRGieumnh1MrM5F3D65Tg,NEW EVENT - ANCIENT SECRET| CLASSIC GAMES | PUBG MOBILE | ROAD TO 2 MILLION,2020-08-12T19:02:31Z
9xAas88j0sE,UCwFRGieumnh1MrM5F3D65Tg,NEW EVENT - ANCIENT SECRET| CLASSIC GAMES | PUBG MOBILE | ROAD TO 2 MILLION,2020-08-11T18:24:18Z
x4MVXAhkycQ,UCwFRGieumnh1MrM5F3D65Tg,NEW EVENT- THE ANCIENT SECRET 🔥 | PUBG MOBILE | EXPLAINED BY REGALTOS,2020-08-07T16:29:24Z
ALeiEht_-6s,UCwFRGieumnh1MrM5F3D65Tg,NEW EVENT - ANCIENT SECRET| CLASSIC GAMES | PUBG MOBILE | ROAD TO 2 MILLION,2020-08-06T19:30:02Z
Usm1-E2h-3A,UCwFRGieumnh1MrM5F3D65Tg,"MAXING GOLDEN PHARAOH X-SUIT😱 | 80,000 UC | BIGGEST CRATE OPENING 🔥",2020-08-05T07:30:14Z
8gai3WLT0O8,UCwFRGieumnh1MrM5F3D65Tg,MAXING PHARAOH AT 75K LIKES | PUBG MOBILE | ROAD TO 2 MILLION,2020-08-04T17:41:31Z
e75gchyYyhE,UCwFRGieumnh1MrM5F3D65Tg,NEW SEASON RANK PUSH- RUSH GAMES | PUBG MOBILE | !INSTA|ROAD TO 2 MILLION,2020-08-03T19:02:59Z
WLItBbY85hg,UCwFRGieumnh1MrM5F3D65Tg,THAT'S HOW YOU STEAL KILLS FROM YOUR TEAM MATES ft. @MortaLyt  @8bitrebel  @8bitgoldy,2020-08-03T08:36:46Z
46AmilAfcy4,UCwFRGieumnh1MrM5F3D65Tg,NEW SEASON RANK PUSH- RUSH GAMES | PUBG MOBILE | !INSTA,2020-08-02T19:31:00Z
MTtkHAwUxeI,UCwFRGieumnh1MrM5F3D65Tg,NEW SEASON RANK PUSH- RUSH GAMES | PUBG MOBILE | !INSTA,2020-08-01T17:18:19Z
7Y7iPyp2b1s,UCwFRGieumnh1MrM5F3D65Tg,NEW SEASON RANK PUSH- RUSH GAMES | PUBG MOBILE | !INSTA,2020-07-31T17:16:37Z
RNYgk4KVSdE,UCwFRGieumnh1MrM5F3D65Tg,NEW SEASON RANK - RUSH GAMES | PUBG MOBILE,2020-07-28T18:43:18Z
Miiy_zKGTqE,UCwFRGieumnh1MrM5F3D65Tg,NEW SEASON RANK - RUSH GAMES | SUBSCRIBERS GAMES,2020-07-26T18:14:00Z
GOlfyBCviwo,UCwFRGieumnh1MrM5F3D65Tg,SHOULD I MAX M416 OR AWM ( WHICH ONE IS BEST) | PUBG MOBILE,2020-07-25T16:38:46Z
KLRO26TeaOg,UCwFRGieumnh1MrM5F3D65Tg,🔥BEST GUN TO GET HIGH KILLS IN PUBG MOBILE 😱 | TEAM SOUL | PRACTICE SCRIMS,2020-07-24T15:30:15Z
wSOT_Nupfvo,UCwFRGieumnh1MrM5F3D65Tg,"🔥BEST CRATE OPENING EVER😱 | GOT EVERYTHING | 25,000 UC 🔥",2020-07-23T15:30:55Z
3Pyt2l6f5O4,UCwFRGieumnh1MrM5F3D65Tg,PUBG MOBILE GRIND | SCRIMS| #NPL,2020-07-23T15:04:31Z
orJz1y8HDSk,UCwFRGieumnh1MrM5F3D65Tg,PUBG MOBILE NEW SEASON 14 RANK PUSH |RUSH GAMES,2020-07-22T20:12:54Z
1xeRd5uGt9I,UCwFRGieumnh1MrM5F3D65Tg,PUBG MOBILE NEW SEASON 14 RANK PUSH | MAXING OUT ROYAL PASS | CLASSIC RUSH GAMES,2020-07-21T18:47:13Z
bUzz_uDDOCk,UCwFRGieumnh1MrM5F3D65Tg,PUBG MOBILE NEW SEASON 14 RANK PUSH | CLASSIC RUSH GAMES,2020-07-20T15:38:50Z
7neJgB5nnxU,UCwFRGieumnh1MrM5F3D65Tg,PUBG MOBILE NEW SEASON 14 RANK PUSH | SUBSCRIBERS GAMES,2020-07-18T19:04:38Z
dqe1-Fx6WgE,UCwFRGieumnh1MrM5F3D65Tg,😱HOW TO GET HIGH KILLS IN PUBG MOBILE •,2020-07-18T06:38:22Z
dsLKRRLgLi8,UCwFRGieumnh1MrM5F3D65Tg,PUBG MOBILE NEW SEASON 14 | SUBSCRIBERS GAMES,2020-07-17T19:14:24Z
WvyEbiW2mGo,UCwFRGieumnh1MrM5F3D65Tg,NEW SEASON 14 | RANK PUSH : PUBG MOBILE| SUBSCRIBERS GAMES,2020-07-17T10:21:01Z
22wIgRk5oJs,UCwFRGieumnh1MrM5F3D65Tg,WORLD'S EASIEST GAME EVER xD 😂,2020-07-16T15:30:14Z
A3HWcVGlorU,UCwFRGieumnh1MrM5F3D65Tg,🔥 BEST MAP TO PUSH THE RANK | NEW SEASON 14 | PUBG MOBILE,2020-07-16T09:44:33Z
-V8NQGy4_QI,UCwFRGieumnh1MrM5F3D65Tg,NEW SEASON 14 | RANK PUSH : PUBG MOBILE|PRACTICING  ALWAYS ON GYRO,2020-07-15T18:27:53Z
lo6LvffFsyM,UCwFRGieumnh1MrM5F3D65Tg,NEW SEASON 14 | RANK PUSH : PUBG MOBILE,2020-07-14T20:50:01Z
1NYpB_Ehq9k,UCwFRGieumnh1MrM5F3D65Tg,🔥 FIRST MATCH OF SEASON 14 | Worst situation | PUBG MOBILE,2020-07-14T05:30:02Z
alckHfmAKkQ,UCwFRGieumnh1MrM5F3D65Tg,NEW SEASON TOMORROW : PUBG MOBILE,2020-07-13T19:26:19Z
kjfzfNjDDCY,UCwFRGieumnh1MrM5F3D65Tg,PUBG MOBILE | SUBSCRIBER GAME | FULL BOOM BAAM CUSTOM | GYRO ALWAYS ON,2020-07-12T20:34:17Z
1eY3uMBlZ0I,UCwFRGieumnh1MrM5F3D65Tg,PUBG MOBILE | SUBSCRIBERS GAME | BOOM BAAM CUSTOM,2020-07-11T18:15:54Z
rfCq0F8JVMw,UCwFRGieumnh1MrM5F3D65Tg,PUBG MOBILE GRIND | PRACTICE SCRIMS | NEW UPDATE,2020-07-10T16:59:01Z
-0Zv_ia_s5E,UCwFRGieumnh1MrM5F3D65Tg,😳One Grenade Can Change everything in PUBG MOBILE ft @officialscoutop,2020-07-09T15:30:14Z
aVWFhRK8HZA,UCwFRGieumnh1MrM5F3D65Tg,NEW UPDATE : LIVIK MAP | PUBG MOBILE STREAM,2020-07-07T19:32:48Z
B0s5kAgLtQk,UCwFRGieumnh1MrM5F3D65Tg,26 KILLS IN COMPETITIVE SCRIMS | HIGHEST KILLS,2020-07-07T05:39:44Z
xUHXfv3ZI1k,UCwFRGieumnh1MrM5F3D65Tg,BOOM BAAM CLASSICS  WITH RANDOMS | VOTE FOR ME : PUBG MOBILE,2020-07-05T20:27:06Z
7w4-bGeUPa4,UCwFRGieumnh1MrM5F3D65Tg,BOOM BAAM CLASSICS  WITH RANDOMS | VOTE FOR ME : PUBG MOBILE,2020-07-04T19:06:36Z
lsk6_2Y4ob8,UCwFRGieumnh1MrM5F3D65Tg,BOOM BAAM CLASSICS  WITH RANDOMS | VOTE FOR ME : PUBG MOBILE,2020-07-03T17:53:25Z
QjMK3uJa-o0,UCwFRGieumnh1MrM5F3D65Tg,HOW TO MASTER M416+6X (PART-1) | BEST WAY | PUBG MOBILE,2020-07-03T05:30:01Z
_xTeu_iHBFU,UCwFRGieumnh1MrM5F3D65Tg,BOOM BAAM CLASSICS  WITH RANDOMS | VOTE FOR ME : PUBG MOBILE,2020-07-02T18:38:45Z
z6aNj_18nr8,UCwFRGieumnh1MrM5F3D65Tg,😱New Pubg Mobile Map- Livik | Mixture of All Maps | Best Update of Pubg Mobile,2020-07-01T05:30:03Z
YS51JEM0PKA,UCwFRGieumnh1MrM5F3D65Tg,BOOM BAAM CLASSICS  WITH RANDOMS | VOTE FOR ME : PUBG MOBILE,2020-06-30T19:20:32Z
DxGBTfl3lvw,UCwFRGieumnh1MrM5F3D65Tg,BOOM BAAM CLASSIC | VOTE FOR ME : PUBG MOBILE,2020-06-29T19:46:32Z
f1aDYsrXMmc,UCwFRGieumnh1MrM5F3D65Tg,😳Best Things About Erangel 2.0? | BEST UPDATE : PUBG MOBILE,2020-06-29T05:30:04Z
JB_YKEooWI4,UCwFRGieumnh1MrM5F3D65Tg,BOOM BAAM CLASSIC | VOTE FOR ME : PUBG MOBILE,2020-06-28T19:00:59Z
ueauM77Sl1U,UCwFRGieumnh1MrM5F3D65Tg,BOOM BAAM CLASSIC | VOTE FOR ME : PUBG MOBILE,2020-06-27T17:19:22Z
KkT2XhgQoSI,UCwFRGieumnh1MrM5F3D65Tg,THANKYOU FOR 1M || VOTE FOR ME | PUBG MOBILE,2020-06-26T20:25:45Z
FyI1fUkGb50,UCwFRGieumnh1MrM5F3D65Tg,THANK YOU FOR 1M❤️ || VOTE FOR ME | PUBG MOBILE,2020-06-25T20:31:45Z
74nBkew9k3E,UCwFRGieumnh1MrM5F3D65Tg,"😼50,000 UC CRATE OPENING | MY ONE OF THE BIGGEST CRATE OPENING 😱",2020-06-25T06:59:12Z
4-c3aHKPQPQ,UCwFRGieumnh1MrM5F3D65Tg,THANK YOU FOR 1M❤️ || PUBG MOBILE,2020-06-24T19:31:54Z
TlPWNDthluU,UCwFRGieumnh1MrM5F3D65Tg,THANK YOU FOR 1M❤️ | FIRST TIME FACECAM | THANK YOU FOR THE 60K DONATION THUG ❤️| PUBG MOBILE,2020-06-23T20:06:36Z
oFIjkn05yb4,UCwFRGieumnh1MrM5F3D65Tg,THANK YOU FOR 1M ❤| BOOM BAAM STREAM | FACECAM SOOONNN : PUBG MOBILE,2020-06-22T19:09:47Z
LqYst45BlEA,UCwFRGieumnh1MrM5F3D65Tg,PATIENCE IS THE KEY | Team SouL | Tournament Highlights,2020-06-22T04:15:00Z
TZjf9zuJLZ4,UCwFRGieumnh1MrM5F3D65Tg,BOOM BAAM STREAM | FACECAM SOOONNN : PUBG MOBILE | ROAD TO 1M,2020-06-21T18:58:59Z
LPa31swsh9g,UCwFRGieumnh1MrM5F3D65Tg,Selling Uc to Randoms in free 😂 Scam | 23 Kills: PUBG MOBILE,2020-06-21T04:15:13Z
H_npt-QdGJ0,UCwFRGieumnh1MrM5F3D65Tg,BOOM BAAM WITH RANDOMS : PUBG MOBILE | ROAD TO 1M,2020-06-20T19:09:54Z
rD1Ebm2w5eg,UCwFRGieumnh1MrM5F3D65Tg,BOOM BAAM WITH RANDOMS : PUBG MOBILE | ROAD TO 1M,2020-06-19T19:06:34Z
0FxTBbbODLY,UCwFRGieumnh1MrM5F3D65Tg,We had just one buggy until we took down one squad | 17 KILLS CHICKEN DINNER 😼,2020-06-19T04:15:13Z
TCK0-9iWTCk,UCwFRGieumnh1MrM5F3D65Tg,BOOM BAAM CLASSICS : PUBG MOBILE | ROAD TO 1M,2020-06-18T19:42:45Z
tjkfugGP0o8,UCwFRGieumnh1MrM5F3D65Tg,BOOM BAAM CLASSICS : PUBG MOBILE | ROAD TO 1M,2020-06-17T20:05:52Z
Q8CIjocn-DM,UCwFRGieumnh1MrM5F3D65Tg,😂 INDIAN IDOL AUDITIONS IN PUBG MOBILE 😼,2020-06-15T18:15:15Z
7-7yvQdO2_Y,UCwFRGieumnh1MrM5F3D65Tg,PMPL GRIND : PUBG MOBILE |,2020-06-11T19:22:03Z
5KDDJWhLhjw,UCwFRGieumnh1MrM5F3D65Tg,WHEN REGALTOS IS THIRSTY FOR FRAGS  | PUBG MOBILE | 41 KILLS CHICKEN DINNER 😼,2020-06-11T05:30:15Z
xij53Sj4cKw,UCwFRGieumnh1MrM5F3D65Tg,PMPL GRIND : PUBG MOBILE |,2020-06-10T19:35:13Z
v3dZuXiaUb0,UCwFRGieumnh1MrM5F3D65Tg,PMPL GRIND : PUBG MOBILE,2020-06-10T12:21:51Z
VERzLGputew,UCwFRGieumnh1MrM5F3D65Tg,BOOM BAAAM CLASSICS WITH RANDOMS,2020-06-09T17:48:54Z
Gmu01K3fXuU,UCwFRGieumnh1MrM5F3D65Tg,EVERY MOMENT IS A FRESH BEGINNING 😼| PMPL LAST DAY ft Team SouL,2020-06-09T05:45:11Z
7hjUQe7a4CE,UCwFRGieumnh1MrM5F3D65Tg,BOOM BAAAM CLASSICS WITH RANDOMS | ROAD TO 900K,2020-06-08T17:02:01Z
RUiP6694JSI,UCwFRGieumnh1MrM5F3D65Tg,YOUR SUPPORT BECAME MY STRENGTH 😼,2020-06-08T05:15:12Z
nQf46_vGxl0,UCwFRGieumnh1MrM5F3D65Tg,BOOM BAAAM | ROAD TO 900K,2020-06-07T19:46:25Z
823nyUg8SxU,UCwFRGieumnh1MrM5F3D65Tg,How To Take Fights in Pochinki 😼 | 11 KILLS IN POCHINKI *SAD ENDING*😼,2020-06-06T11:15:14Z
nPpR7VYT2Vw,UCwFRGieumnh1MrM5F3D65Tg,PMPL GRIND | PUBG MOBILE | ROAD TO 900K,2020-06-05T20:50:28Z
KI8KqD1fVic,UCwFRGieumnh1MrM5F3D65Tg,PMPL GRIND | PUBG MOBILE |,2020-06-04T19:31:38Z
reAN8BzEJN4,UCwFRGieumnh1MrM5F3D65Tg,Are ye to asli hai 😳 | Playing With Randoms | PUBG MOBILE,2020-06-04T06:45:14Z
VfHoh6nnQ_Y,UCwFRGieumnh1MrM5F3D65Tg,PMPL GRIND | PUBG MOBILE |,2020-06-03T19:56:43Z
F45tyA83cqs,UCwFRGieumnh1MrM5F3D65Tg,I USED DOUBLE M416 FOR MORE KILLS 😼| 18 KILLS | PUBG MOBILE,2020-06-03T07:30:11Z
_YZlDN1EQt0,UCwFRGieumnh1MrM5F3D65Tg,PMPL GRIND | PUBG MOBILE |,2020-06-02T19:41:22Z
rcYLLCM25no,UCwFRGieumnh1MrM5F3D65Tg,INTENSITY OF PMPL MATCHES 😼 - VIKENDI | Team SouL😼,2020-06-02T06:30:12Z
IqpyfDHArSc,UCwFRGieumnh1MrM5F3D65Tg,PMPL GRIND : PUBG MOBILE |,2020-06-01T18:14:36Z
eYvnQLa18WY,UCwFRGieumnh1MrM5F3D65Tg,Unexpected  Match| PMPL SANHOK CHICKEN DINNER  😼 ft Team SouL 😼,2020-06-01T06:45:11Z
AbOX0jFBpoQ,UCwFRGieumnh1MrM5F3D65Tg,PMPL GRIND : PUBG MOBILE | Road to 900K,2020-05-31T19:38:59Z
UA3c9yNSRdk,UCwFRGieumnh1MrM5F3D65Tg,PMPL GRIND : PUBG MOBILE | ROAD TO 800K,2020-05-30T21:28:00Z
sYKOC53S4xM,UCwFRGieumnh1MrM5F3D65Tg,BEST 2 GUNS FOR MID RANGE🔥 | 22 kills : PUBG MOBILE 😼,2020-05-30T11:00:12Z
Cn7Zk4xiCMk,UCwFRGieumnh1MrM5F3D65Tg,PMPL GRIND : PUBG MOBILE | ROAD TO 800K,2020-05-29T20:18:13Z
y4vknGuPnE0,UCwFRGieumnh1MrM5F3D65Tg,PMPL GRIND : PUBG MOBILE | ROAD TO 800K,2020-05-28T19:36:38Z
6SnORqEtE-Q,UCwFRGieumnh1MrM5F3D65Tg,That’s Why I Prefer m416 Over Any Gun 😼 ft @MortaLyt  | PUBG MOBILE,2020-05-28T08:15:11Z
klkxSvOQkJc,UCwFRGieumnh1MrM5F3D65Tg,PMPL Grind : PUBG MOBILE | Road to 800k,2020-05-27T18:49:59Z
B8mJrW6kxpY,UCwFRGieumnh1MrM5F3D65Tg,SUPERHEROES BATTLE TDM | DOMINATION 😼,2020-05-27T07:00:11Z
qKmgjyx9ySo,UCwFRGieumnh1MrM5F3D65Tg,PMPL Grind : PUBG MOBILE | Road to 800k,2020-05-26T18:59:48Z
nSWehMU0wgM,UCwFRGieumnh1MrM5F3D65Tg,PMPL Grind : PUBG MOBILE | Road to 800k,2020-05-25T17:58:31Z
F96qO9REj6k,UCwFRGieumnh1MrM5F3D65Tg,PMPL | 14 Kills Chicken Dinner 😼 ft Team SouL 😼,2020-05-25T06:45:11Z
J5J0T8gvq-w,UCwFRGieumnh1MrM5F3D65Tg,PMPL Grind : PUBG MOBILE | Road to 800k,2020-05-24T19:10:46Z
g_Kzb88yoZ4,UCwFRGieumnh1MrM5F3D65Tg,PMPL Grind : Pubg Mobile | Road to 800k,2020-05-22T20:36:50Z
SUNmyR706Iw,UCwFRGieumnh1MrM5F3D65Tg,MAXING OUT MY FAV AKM GUN SKIN | DESERT FOSSIL: PUBG MOBILE,2020-05-21T06:45:13Z
dswmuR6h8o0,UCwFRGieumnh1MrM5F3D65Tg,RANK PUSH : PUBG MOBILE |,2020-05-20T22:29:17Z
SEOy7ecebPI,UCwFRGieumnh1MrM5F3D65Tg,FUNNIEST MATCH TURNED INTO INTENSE MATCH 😼 ft Randoms 😼,2020-05-20T05:45:15Z
0Sqef_yZxXE,UCwFRGieumnh1MrM5F3D65Tg,RANK PUSH : PUBG MOBILE |,2020-05-19T18:55:51Z
u3G58kYncxM,UCwFRGieumnh1MrM5F3D65Tg,RANK PUSH : PUBG MOBILE | ROAD TO 700K,2020-05-18T17:36:37Z
Y2DIZTBr7Do,UCwFRGieumnh1MrM5F3D65Tg,COMING BACK HARDER IN TOURNAMENT | NEVER GIVE UP FT TEAM SOUL 😼,2020-05-18T05:15:11Z
R7IbDyAhjY8,UCwFRGieumnh1MrM5F3D65Tg,RANK PUSH : PUBG MOBILE | ROAD TO 700K,2020-05-17T18:09:28Z
tOPsMc07VH0,UCwFRGieumnh1MrM5F3D65Tg,HOW COMMUNICATION AND COORDINATION GOT US A CHICKEN DINNER😼,2020-05-17T04:00:22Z
dBkwumwIIEE,UCwFRGieumnh1MrM5F3D65Tg,RANK PUSH | CHILL STREAM | ROAD TO 700K,2020-05-16T19:17:18Z
SS00aN17AJ0,UCwFRGieumnh1MrM5F3D65Tg,Left With No Option😼 | 15 KILLS CHICKEN DINNER ft TEAM SOUL 😼,2020-05-16T04:00:08Z
G89NdK8ga-k,UCwFRGieumnh1MrM5F3D65Tg,RANK PUSH | CHILL STREAM | ROAD TO 700K,2020-05-15T18:44:15Z
APw8jrYbLAc,UCwFRGieumnh1MrM5F3D65Tg,3 FINGER CLAW ( SCOPE ON GYRO ) HANDCAM | PUBG MOBILE,2020-05-14T04:15:14Z
kj0a9MVGG_8,UCwFRGieumnh1MrM5F3D65Tg,FUNNIEST SQUAD EVER! With SCHOOL FRIENDS,2020-05-12T04:30:14Z
jxK-8BuO9xU,UCwFRGieumnh1MrM5F3D65Tg,BEST FINISH TO A TDM MATCH 😼 -TEAM SouL,2020-05-11T08:32:11Z
_xV1ZLO1jYI,UCwFRGieumnh1MrM5F3D65Tg,Team SouL | TDM TOURNAMENT PART-1,2020-05-09T05:30:11Z
4zlfYJCYLzo,UCwFRGieumnh1MrM5F3D65Tg,PMPL GRIND | PUBG MOBILE,2020-05-08T12:13:09Z
tpG2E6IRnbs,UCwFRGieumnh1MrM5F3D65Tg,RANK PUSH- PUBG MOBILE  | ROAD TO 700K,2020-05-07T19:32:15Z
Jvlo_eqzulg,UCwFRGieumnh1MrM5F3D65Tg,CRAZY ENDING TO AN INTENSE MATCH 😼 ft TEAM SOUL 😼,2020-05-07T08:00:12Z
WcBkrfSRLHE,UCwFRGieumnh1MrM5F3D65Tg,RANK PUSH | CHILL STREAM | ROAD TO 700K,2020-05-06T19:18:22Z
t__2sW479OA,UCwFRGieumnh1MrM5F3D65Tg,GAMERS WITHOUT BORDERS 😼 SANHOK MATCH HIGHLIGHT ft TEAM SOUL😼,2020-05-06T07:00:14Z
zuqLqL5psTk,UCwFRGieumnh1MrM5F3D65Tg,PUBG ROOM - 4 VS 96 ft @MortaLyt @Sangwan24 @8bitrebel,2020-05-04T19:45:15Z
gmFJntMGgbA,UCwFRGieumnh1MrM5F3D65Tg,PRACTICING ALWAYS ON GYRO | PUBG MOBILE,2020-05-03T20:03:41Z
E2QCYEgNoUM,UCwFRGieumnh1MrM5F3D65Tg,TRIED ALWAYS ON GYRO FOR THE FIRST TIME 😼,2020-05-02T20:00:12Z
SUDThBIgSa4,UCwFRGieumnh1MrM5F3D65Tg,PRACTICING ALWAYS ON GYRO| CHILL STREAM | PUBG MOBILE,2020-05-02T19:29:03Z
xl4QUAoA58Q,UCwFRGieumnh1MrM5F3D65Tg,RANK PUSH | CHILL STREAM | PUBG MOBILE,2020-05-01T19:08:51Z
W2K51KCSkbM,UCwFRGieumnh1MrM5F3D65Tg,PLAYED WITH MY SCHOOL FRIENDS 😼 AND THEN THIS HAPPENED,2020-04-30T20:00:11Z
XRkG_Sa4LnI,UCwFRGieumnh1MrM5F3D65Tg,RANK PUSH | CHILL STREAM | PUBG MOBILE,2020-04-29T19:37:48Z
8kQzKongP_E,UCwFRGieumnh1MrM5F3D65Tg,FUNNIEST RANDOM TEAM MATE EVER : PUBG MOBILE,2020-04-29T06:45:11Z
fpY0JJoxjKc,UCwFRGieumnh1MrM5F3D65Tg,RANK PUSH | CHILL STREAM | ROAD TO 600K,2020-04-28T19:22:17Z
7Xupgk-NsAU,UCwFRGieumnh1MrM5F3D65Tg,50 KILLS CHICKEN DINNER ft@MortaLyt@SoulAman@Sangwan24​,2020-04-28T08:00:17Z
_xWPmUXR-Fo,UCwFRGieumnh1MrM5F3D65Tg,RANK PUSH WITH TEAM SOUL | ROAD TO 600K,2020-04-27T19:56:17Z
CrHtB_yESgU,UCwFRGieumnh1MrM5F3D65Tg,INDIA GAMING TODAY TOURNAMENT | PUBG MOBILE 😼ft TEAM SOUL 😼,2020-04-27T05:00:13Z
7cg3-eKapo8,UCwFRGieumnh1MrM5F3D65Tg,PMPL GRIND | PUBG MOBILE  | ROAD TO 600K,2020-04-26T19:46:12Z
K7DvbG8AcOE,UCwFRGieumnh1MrM5F3D65Tg,PMPL GRIND | PUBG MOBILE  | ROAD TO 600K,2020-04-25T19:28:43Z
1Qop4vE-tgA,UCwFRGieumnh1MrM5F3D65Tg,PMPL SCRIMS SA VS SEA 😼 ft TEAM SOUL 😼,2020-04-25T04:45:12Z
XB6eqvGKgvs,UCwFRGieumnh1MrM5F3D65Tg,LATE NIGHT RANK PUSH  | ROAD TO 600K,2020-04-24T19:27:40Z
WiM35-viPKo,UCwFRGieumnh1MrM5F3D65Tg,PMPL GRIND |  PRACTICE SCRIMS | ROAD TO 600K,2020-04-23T19:28:02Z
29qordi4Iz8,UCwFRGieumnh1MrM5F3D65Tg,HE SAVED MY LIFE  | 21 KILLS | PUBG MOBILE,2020-04-23T05:00:11Z
p5ypgPH-jQ0,UCwFRGieumnh1MrM5F3D65Tg,PMPL GRIND WITH TEAM SOUL | ROAD TO 600K,2020-04-22T19:21:56Z
tKLtNIp9eOg,UCwFRGieumnh1MrM5F3D65Tg,PMPL GRIND,2020-04-21T19:44:23Z
nplxYdz7Gos,UCwFRGieumnh1MrM5F3D65Tg,RANK PUSH | PUBG MOBILE | ROAD TO 600K,2020-04-21T17:12:38Z
OlYVtNGjls4,UCwFRGieumnh1MrM5F3D65Tg,Intense Match Turned into Easiest Match 😼 ft Team SouL😼,2020-04-21T05:00:13Z
01OaeD6YA3s,UCwFRGieumnh1MrM5F3D65Tg,PMPL GRIND| PUBG MOBILE | ROAD TO 600K,2020-04-20T19:30:56Z
5YyAqNkRpsY,UCwFRGieumnh1MrM5F3D65Tg,THE 500k MONTAGE |  😼,2020-04-19T04:30:11Z
N7zghnxYEt4,UCwFRGieumnh1MrM5F3D65Tg,PMPL GRIND| PUBG MOBILE | ROAD TO 600K,2020-04-18T19:06:56Z
myBlZdTzdwc,UCwFRGieumnh1MrM5F3D65Tg,RANK PUSH | PUBG MOBILE CHILL STREAM,2020-04-17T19:26:11Z
1leVFWBlHyE,UCwFRGieumnh1MrM5F3D65Tg,PMPL GRIND | PUBG MOBILE,2020-04-16T18:00:05Z
1_vFhS2NpqE,UCwFRGieumnh1MrM5F3D65Tg,PMPL GRIND | PUBG MOBILE,2020-04-15T18:56:02Z
dRne0O64sYc,UCwFRGieumnh1MrM5F3D65Tg,PMPL GRIND WITH TEAM SOUL PUBG MOBILE,2020-04-15T14:27:14Z
p0xKdzWMr2M,UCwFRGieumnh1MrM5F3D65Tg,PMPL GRIND|CHILL STREAM | PUBG MOBILE,2020-04-14T19:21:52Z
t2dPnNZT2IU,UCwFRGieumnh1MrM5F3D65Tg,PMPL GRIND | PUBG MOBILE,2020-04-14T12:09:54Z
iptn7nWo5No,UCwFRGieumnh1MrM5F3D65Tg,PMPL GRIND | PUBG MOBILE,2020-04-13T18:53:18Z
glqbkOYpBu4,UCwFRGieumnh1MrM5F3D65Tg,MOST INTENSE MATCH EVER😼 Ft TEAM SouL😼,2020-04-13T04:30:11Z
CHP3chS1JfA,UCwFRGieumnh1MrM5F3D65Tg,PMPL GRIND | PUBG MOBILE,2020-04-12T19:16:54Z
p-vayRJKNRw,UCwFRGieumnh1MrM5F3D65Tg,"I SPENT 61,000 UC ON MY FAVOURITE SET 😼|  PUBG MOBILE 😼",2020-04-12T04:45:13Z
z5wPshOq2hE,UCwFRGieumnh1MrM5F3D65Tg,PMPL GRIND | PUBG MOBILE,2020-04-11T19:11:19Z
OfAMW5cfxlY,UCwFRGieumnh1MrM5F3D65Tg,WE LEARN FROM OUR MISTAKES 😼Ft TEAM  SOUL😼,2020-04-11T04:45:15Z
Grm6RbyadN8,UCwFRGieumnh1MrM5F3D65Tg,ROAD TO CONQUEROR | PUBG MOBILE,2020-04-10T19:54:57Z
yRvQLE-lE5k,UCwFRGieumnh1MrM5F3D65Tg,RANK PUSH WITH TEAM SOUL | PUBG MOBILE,2020-04-09T18:19:40Z
Ye6ogiiAvsg,UCwFRGieumnh1MrM5F3D65Tg,RANK PUSH| MORNING STREAM | PUBG MOBILE,2020-04-09T09:52:35Z
dprZTkxnomc,UCwFRGieumnh1MrM5F3D65Tg,RANK PUSH | PUBG MOBILE,2020-04-08T19:08:10Z
M_0l2Rx52g0,UCwFRGieumnh1MrM5F3D65Tg,RANK PUSH  | PUBG MOBILE  | ROAD TO 500K,2020-04-07T19:15:10Z
CPXw-Ur86Kc,UCwFRGieumnh1MrM5F3D65Tg,VIKENDI IS THE BEST MAP 😼 Ft Team SouL😼,2020-04-07T06:00:11Z
yHvz_zbo7oY,UCwFRGieumnh1MrM5F3D65Tg,RANK PUSH WITH S8UL | PUBG MOBILE  | ROAD TO 500K,2020-04-06T19:33:14Z
klqL-GQfYFE,UCwFRGieumnh1MrM5F3D65Tg,RANK PUSH WITH S8UL | PUBG MOBILE  | ROAD TO 500K,2020-04-06T08:47:20Z
SEQWJ8nLR8I,UCwFRGieumnh1MrM5F3D65Tg,RANK PUSH WITH S8UL | PUBG MOBILE  | ROAD TO 500K,2020-04-05T19:35:29Z
WmQGVGJmIY4,UCwFRGieumnh1MrM5F3D65Tg,COMPOSURE IS THE KEY 😼 Ft. Team SouL 😼,2020-04-05T04:45:11Z
t394dd6R7VI,UCwFRGieumnh1MrM5F3D65Tg,RANK PUSH | PUBG MOBILE  | ROAD TO 500K,2020-04-04T18:58:05Z
MxPEnEWYsyY,UCwFRGieumnh1MrM5F3D65Tg,8 BIT UNICORN CRATE OPENING | SAD ENDING,2020-04-04T04:45:00Z
ShrU7quBrMo,UCwFRGieumnh1MrM5F3D65Tg,RANK PUSH | PUBG MOBILE  | ROAD TO 500K,2020-04-03T19:18:55Z
v2FSvrr9g1k,UCwFRGieumnh1MrM5F3D65Tg,LAST OPTION TO ENTER THE ZONE😼 Ft. Team SouL 😼,2020-04-03T04:45:12Z
M5_20pFhG9Q,UCwFRGieumnh1MrM5F3D65Tg,NEW SPONSOR TIERS | CHILL STREAM  | ROAD TO 500K,2020-04-02T20:43:11Z
mipxfK6xe4s,UCwFRGieumnh1MrM5F3D65Tg,WHEN LAST ZONE FAVOURS YOU 😼 Ft Team SouL 😼,2020-04-02T05:30:12Z
LP89KTrVTJo,UCwFRGieumnh1MrM5F3D65Tg,CHILL STREAM WITH S8UL | ROAD TO 500K,2020-04-01T19:30:31Z
F1wIcZEDvzg,UCwFRGieumnh1MrM5F3D65Tg,CHILL STREAM WITH S8UL | ROAD TO 500K,2020-03-31T19:56:03Z
t9FS83acxPk,UCwFRGieumnh1MrM5F3D65Tg,TEAM SOUL IN ACTION | PRACTICE SCRIMS | ROAD TO 500K,2020-03-30T20:52:42Z
EwHr_29Vs6g,UCwFRGieumnh1MrM5F3D65Tg,CHILL STREAM | ROAD TO 500K,2020-03-29T23:02:23Z
T3mjFrudLJk,UCwFRGieumnh1MrM5F3D65Tg,CHILL STREAM | ROAD TO 500K,2020-03-28T19:37:21Z
TvbBzoUufkA,UCwFRGieumnh1MrM5F3D65Tg,ONE OF THE BEST MATCHES IN SANHOK 😼. Ft- @MortaLyt  Team SouL 😾,2020-03-28T07:15:13Z
G-QgTD4wkyc,UCwFRGieumnh1MrM5F3D65Tg,CHILL STREAM | ROAD TO 500K,2020-03-27T19:47:26Z
XeskHYMbS2k,UCwFRGieumnh1MrM5F3D65Tg,SPENT JANTA CURFEW DAY WITH S8UL,2020-03-27T07:30:00Z
_rNkp3BtGVA,UCwFRGieumnh1MrM5F3D65Tg,CHILL STREAM | ROAD TO 500K,2020-03-26T21:01:46Z
-iLg-oBUyvY,UCwFRGieumnh1MrM5F3D65Tg,CHILL STREAM | ROAD TO 500K,2020-03-25T20:17:50Z
H6O52_ihYu8,UCwFRGieumnh1MrM5F3D65Tg,CHILL STREAM | ROAD TO 500K,2020-03-24T19:33:27Z
5SIQKxGAW5s,UCwFRGieumnh1MrM5F3D65Tg,RUSH GAMES WITH S8UL,2020-03-22T20:58:29Z
fRtOelRHPTI,UCwFRGieumnh1MrM5F3D65Tg,WANTED SOMETHING GOT SOMETHING ELSE | UNEXPECTED SPIN EVER!,2020-03-18T07:45:00Z
N9Q4hgjo8ns,UCwFRGieumnh1MrM5F3D65Tg,NEW SEASON WITH SOUL | PUBG MOBILE,2020-03-16T11:17:35Z
3KK-68RthVg,UCwFRGieumnh1MrM5F3D65Tg,THIS GAME IS UN-PREDICTABLE | PUBG MOBILE,2020-03-16T07:45:00Z
xDj1rcXnnP0,UCwFRGieumnh1MrM5F3D65Tg,NEW SEASON WITH SOUL | PUBG MOBILE,2020-03-14T20:46:34Z
HBk3JOUFr2Q,UCwFRGieumnh1MrM5F3D65Tg,NEW SEASON WITH SOUL | PUBG MOBILE,2020-03-13T18:16:38Z
0zp1o4tVbQw,UCwFRGieumnh1MrM5F3D65Tg,NEW SEASON WITH SOUL | PUBG MOBILE,2020-03-12T11:54:40Z
oHE3A9N4Yas,UCwFRGieumnh1MrM5F3D65Tg,happy holi  | PUBG MOBILE,2020-03-10T15:33:48Z
kBBq4EXbaQY,UCwFRGieumnh1MrM5F3D65Tg,WE GOT EACH OTHER’S BACK ft. S8UL,2020-03-10T05:15:12Z
9bA4EfvwMwU,UCwFRGieumnh1MrM5F3D65Tg,NEW SEASON  WITH S8UL | PUBG MOBILE,2020-03-09T19:23:31Z
SVi0JRpNvJg,UCwFRGieumnh1MrM5F3D65Tg,Miramar Domination | PUBG MOBILE ft.Team SouL,2020-03-07T08:30:02Z
g0NoIIVOcLM,UCwFRGieumnh1MrM5F3D65Tg,Tier-1 competitive Scrims Highlights | Team SouL,2020-03-03T04:15:00Z
21MUxv11ncQ,UCwFRGieumnh1MrM5F3D65Tg,CHILL NIGHT STREAM | PUBG MOBILE|,2020-02-29T19:42:32Z
job9lVybOHI,UCwFRGieumnh1MrM5F3D65Tg,rastaaa lambaaa haiiiii,2020-02-22T19:09:30Z
1qxOrghgy84,UCwFRGieumnh1MrM5F3D65Tg,Hasi Mazak or Lobby ....,2020-02-19T19:07:11Z
HbLJ5dHjqck,UCwFRGieumnh1MrM5F3D65Tg,Hasi Mazak or Lobby ....,2020-02-18T18:59:09Z
48Ojd0Z1Tmg,UCwFRGieumnh1MrM5F3D65Tg,This Map is Lucky for Me | Competitive Scrims,2020-02-18T04:30:01Z
O8Vq0lOHjVM,UCwFRGieumnh1MrM5F3D65Tg,RASTAA 400K KI TARAF ....,2020-02-17T20:27:42Z
6-bJdnIo49Q,UCwFRGieumnh1MrM5F3D65Tg,RASTAA 400K KI TARAF ....,2020-02-16T19:44:59Z
2mf8NSdPAl8,UCwFRGieumnh1MrM5F3D65Tg,RASTAA 400K KI TARAF ....,2020-02-15T19:17:55Z
mAvTXafB7f8,UCwFRGieumnh1MrM5F3D65Tg,Vikendi is Heating up| Team SouL | Competitive scrims,2020-02-15T04:30:01Z
0gijctHa36M,UCwFRGieumnh1MrM5F3D65Tg,RASTAA 400K KI TARAF ....,2020-02-14T19:56:34Z
ZyxfWgn3bU0,UCwFRGieumnh1MrM5F3D65Tg,RASTAA 400K KI TARAF ....,2020-02-14T17:42:53Z
fZn5dLq4pF4,UCwFRGieumnh1MrM5F3D65Tg,RASTAA 400K KI TARAF ....,2020-02-13T19:06:05Z
n1r4f4enkjE,UCwFRGieumnh1MrM5F3D65Tg,RASTAA 400K KI TARAF ....,2020-02-13T13:39:12Z
hulXNu0PGNg,UCwFRGieumnh1MrM5F3D65Tg,RASTAA 400K KI TARAF ....,2020-02-12T19:41:03Z
1fUQkmwXOOM,UCwFRGieumnh1MrM5F3D65Tg,chicken dinner hunting | chill stream,2020-02-11T18:45:47Z
M_RLM8ES8qc,UCwFRGieumnh1MrM5F3D65Tg,UPGRADING DP28(Enigmatic Killer) SKIN IN 12000 UC,2020-02-11T04:45:00Z
Hda_CZWaAck,UCwFRGieumnh1MrM5F3D65Tg,chicken dinner hunting | chill stream,2020-02-09T18:51:51Z
q4nHtmRtRIU,UCwFRGieumnh1MrM5F3D65Tg,chicken dinner hunting | chill stream,2020-02-08T19:00:19Z
gEiW2HgWWPM,UCwFRGieumnh1MrM5F3D65Tg,night chill streammm | Pubg Mobile Live,2020-02-06T19:37:20Z
bNffmFGSHoY,UCwFRGieumnh1MrM5F3D65Tg,Groza is Overpowered in T1 scrims |PUBG MOBILE| Team SouL,2020-02-03T09:16:44Z
ZvXo22mwLZA,UCwFRGieumnh1MrM5F3D65Tg,night Chilllllll Stream | Pubg Mobile Live,2020-02-02T18:51:42Z
N1IPjcTCG8c,UCwFRGieumnh1MrM5F3D65Tg,Chilllll Stream | Pubg Mobile Live,2020-02-01T19:47:18Z
4hl5d67SC6E,UCwFRGieumnh1MrM5F3D65Tg,Chilllll Stream | Pubg Mobile Live,2020-01-30T19:11:03Z
ZT7ZLOomqM4,UCwFRGieumnh1MrM5F3D65Tg,Chill Stream | Pubg Mobile Live,2020-01-28T20:59:01Z
bt8wDrmg1DE,UCwFRGieumnh1MrM5F3D65Tg,chill streamm | PUBG Mobile Live,2020-01-27T19:24:42Z
p9mUCizJ_y4,UCwFRGieumnh1MrM5F3D65Tg,chill streamm | PUBG Mobile Live,2020-01-25T19:45:26Z
z3yyg6bkmAo,UCwFRGieumnh1MrM5F3D65Tg,chill streamm | PUBG Mobile Live,2020-01-24T19:08:07Z
C5yc3BxidFs,UCwFRGieumnh1MrM5F3D65Tg,chill streamm | PUBG Mobile Live,2020-01-23T20:47:16Z
4HoLfqzv-aY,UCwFRGieumnh1MrM5F3D65Tg,chill streamm | PUBG Mobile Live,2020-01-22T20:30:30Z
2bzh4Yj-gIY,UCwFRGieumnh1MrM5F3D65Tg,37000 UC CRATE OPENING || MAXING M416 GLACIER SKIN ||,2020-01-20T04:15:00Z
DQp5iQRG1VE,UCwFRGieumnh1MrM5F3D65Tg,chill streamm | PUBG Mobile Live,2020-01-19T19:44:17Z
iwEe9ufLq_g,UCwFRGieumnh1MrM5F3D65Tg,chill streamm | PUBG Mobile Live,2020-01-18T21:06:48Z
glaEaM4w8rM,UCwFRGieumnh1MrM5F3D65Tg,chill streamm | PUBG Mobile Live | JAI HIND 🇮🇳,2020-01-14T16:06:14Z
DRcCws_5H-k,UCwFRGieumnh1MrM5F3D65Tg,chill streamm | PUBG Mobile Live | JAI HIND 🇮🇳,2020-01-13T22:00:33Z
ELjh61_zlYo,UCwFRGieumnh1MrM5F3D65Tg,chill streamm with randoms | PUBG Mobile Live | JAI HIND 🇮🇳,2020-01-07T09:42:23Z
qj3eMl962zQ,UCwFRGieumnh1MrM5F3D65Tg,Road to 300k | PUBG Mobile Live | JAI HIND 🇮🇳,2020-01-06T16:43:26Z
WUVvr0nbK6g,UCwFRGieumnh1MrM5F3D65Tg,Road to 300k | PUBG Mobile Live | JAI HIND 🇮🇳,2020-01-06T10:28:15Z
Q0VpBPaiUUI,UCwFRGieumnh1MrM5F3D65Tg,Chilll Streammm | Pubg Mobile,2020-01-05T11:38:12Z
DxjcZUX32f8,UCwFRGieumnh1MrM5F3D65Tg,Chilll Streammm | Pubg Mobile,2020-01-04T21:04:06Z
8ZKcajItgw4,UCwFRGieumnh1MrM5F3D65Tg,Chilll Streammm | Pubg Mobile,2020-01-04T09:47:49Z
3_tyk4qLv7A,UCwFRGieumnh1MrM5F3D65Tg,Chilll Streammm | Pubg Mobile,2020-01-03T20:05:37Z
JSPMZtepDGs,UCwFRGieumnh1MrM5F3D65Tg,Chilll Streammm | Pubg Mobile,2020-01-02T20:24:49Z
NNm23a6MLek,UCwFRGieumnh1MrM5F3D65Tg,Chilll Streammm | Pubg Mobile,2020-01-01T09:41:31Z
vBh9gbpRv-w,UCwFRGieumnh1MrM5F3D65Tg,chill nightstreammmm | PUBG MOBILE,2019-12-31T20:07:42Z
nS4UJbK523M,UCwFRGieumnh1MrM5F3D65Tg,chill nightstreammmm | PUBG MOBILE,2019-12-31T17:12:32Z
WvYpb2r2nC4,UCwFRGieumnh1MrM5F3D65Tg,ROAD TO 300k | PUBG MOBILE,2019-12-21T21:30:58Z
iWvWb5Ud_B8,UCwFRGieumnh1MrM5F3D65Tg,ROAD TO 300k |PUBG MOBILE LIVE,2019-12-20T22:44:30Z
5o-ppUnSCB4,UCwFRGieumnh1MrM5F3D65Tg,ROAD TO 300K | PUBG MOBILE |practicing scope on gyro,2019-12-17T20:28:35Z
DPQFLwooDw4,UCwFRGieumnh1MrM5F3D65Tg,M16A4 + 4X IS OVERPOWERED|24 KILLS CHICKEN DINNER| ft.Team SouL,2019-12-17T14:30:14Z
u0Ki4v1Hqu4,UCwFRGieumnh1MrM5F3D65Tg,ROAD TO 300K | PUBG MOBILE| ft.Team SOUL |practicing scope on gyro,2019-12-16T20:12:02Z
3lJ5RhhEJlQ,UCwFRGieumnh1MrM5F3D65Tg,ROAD TO 300K | PUBG MOBILE| ft.Team SOUL |practicing scope on gyro,2019-12-15T20:39:40Z
IKD79gkE5I4,UCwFRGieumnh1MrM5F3D65Tg,ROAD TO 300K | PUBG MOBILE| s8ulpracticing scope on gyro,2019-12-15T12:50:27Z
EbC03SPfpcc,UCwFRGieumnh1MrM5F3D65Tg,ROAD TO 300K | PUBG MOBILE| practicing scope on gyro,2019-12-14T14:13:18Z
AAsBlZV4mB0,UCwFRGieumnh1MrM5F3D65Tg,ROAD TO 300K | PUBG MOBILE| practicing scope on gyro,2019-12-13T17:12:40Z
L6vWKLQ8a44,UCwFRGieumnh1MrM5F3D65Tg,ROAD TO 250K | PUBG MOBILE|,2019-12-11T19:53:30Z
9sCxK0JudlY,UCwFRGieumnh1MrM5F3D65Tg,ROAD TO 250K | PUBG MOBILE|,2019-12-10T20:11:10Z
RaZ4x5Xp6xc,UCwFRGieumnh1MrM5F3D65Tg,ROAD TO 250K | PUBG MOBILE,2019-12-09T16:58:12Z
YZ8Ut1srooA,UCwFRGieumnh1MrM5F3D65Tg,ROAD TO 250K | PUBG MOBILE,2019-12-08T20:32:00Z
qJqkYLWxgYs,UCwFRGieumnh1MrM5F3D65Tg,ROAD TO 250K | PUBG MOBILE,2019-12-08T13:21:38Z
nsOyi_i7KDA,UCwFRGieumnh1MrM5F3D65Tg,SATURDAY CHILL NIGHTSTREAM WITH CHACHASSSS,2019-12-07T20:28:38Z
2lhvkazsoqk,UCwFRGieumnh1MrM5F3D65Tg,Grinding,2019-12-06T20:44:44Z
cBtospLP3rA,UCwFRGieumnh1MrM5F3D65Tg,CHILL NIGHT STREAMMM 🐱,2019-12-05T22:08:57Z
RqByfGdUFtk,UCwFRGieumnh1MrM5F3D65Tg,chill nightstream stream | chicken dinner hunting,2019-11-19T19:49:58Z
qVijg87DXsM,UCwFRGieumnh1MrM5F3D65Tg,chill afternoon stream | chicken dinner hunting,2019-11-19T13:13:10Z
Jf4d0HSTQi4,UCwFRGieumnh1MrM5F3D65Tg,chill  Nightstream | chicken dinner hunting,2019-11-16T18:10:14Z
2V-ByWGXFu8,UCwFRGieumnh1MrM5F3D65Tg,Afternoon chill stream | chicken dinner hunting,2019-11-15T15:00:35Z
OHUlQx5Zwyc,UCwFRGieumnh1MrM5F3D65Tg,Afternoon chill stream | chicken dinner hunting,2019-11-14T20:32:40Z
YxAqT0BuwoM,UCwFRGieumnh1MrM5F3D65Tg,Chill nightstream | chicken dinner hunting,2019-11-13T20:06:07Z
Dj9Fi16Bk6w,UCwFRGieumnh1MrM5F3D65Tg,UNEXPECTED ENDING IN T1 SCRIMS |PUBG MOBILE | ft. Team SouL,2019-10-31T12:48:39Z
KTiQ1f3l1bo,UCwFRGieumnh1MrM5F3D65Tg,Tier 1 Scrims Highlights | PUBG MOBILE| ft. Team SouL,2019-10-28T10:00:11Z
uh4F701zcIk,UCwFRGieumnh1MrM5F3D65Tg,HAPPY DIWALI EVERYONE | PUBG MOBILE LIVE FT. S8UL | JAI HIND 🇮🇳,2019-10-27T12:55:50Z
vZLJW7h-EZQ,UCwFRGieumnh1MrM5F3D65Tg,ROAD TO 150K | PUBG MOBILE LIVE FT S8UL | JAI HIND 🇮🇳,2019-10-26T11:11:54Z
IwGxTewnxTU,UCwFRGieumnh1MrM5F3D65Tg,Tried Hard for Chicken Dinner.exe | PUBG MOBILE,2019-10-22T09:37:55Z
kylvbbfMLZM,UCwFRGieumnh1MrM5F3D65Tg,Dp28 is overpowered in tournament matches|PUBG MOBILE| Team SouL,2019-10-19T09:36:22Z
bZDMMpMssnI,UCwFRGieumnh1MrM5F3D65Tg,PUBG MOBILE LIVE With College Friends | JAI HIND 🇮🇳,2019-10-18T12:11:00Z
I2FnBXJWBWI,UCwFRGieumnh1MrM5F3D65Tg,PUBG MOBILE LIVE Ft. MortaL Viper Maxkash | JAI HIND 🇮🇳,2019-10-17T11:43:47Z
LE7JI-zJQBQ,UCwFRGieumnh1MrM5F3D65Tg,"PUBG MOBILE LIVE Ft. MortaL , RaV3n and Maxtern | JAI HIND 🇮🇳",2019-10-15T11:18:19Z
dsvCuF9g5m4,UCwFRGieumnh1MrM5F3D65Tg,3 FINGER CLAW NO GYRO | HANDCAM| PUBG MOBILE,2019-10-14T16:02:08Z
lDsKrHW2THw,UCwFRGieumnh1MrM5F3D65Tg,"PUBG MOBILE LIVE Ft. MortaL , Zeref and Avi | JAI HIND 🇮🇳",2019-10-14T11:00:22Z
z83Lkh__oOs,UCwFRGieumnh1MrM5F3D65Tg,PUBG MOBILE LIVE Ft. MortaL ❤️| JAI HIND 🇮🇳,2019-10-13T11:30:13Z
ymTKxHt6Qpw,UCwFRGieumnh1MrM5F3D65Tg,ThankYou for 100k Fam | PUBG MOBILE | JAI HIND 🇮🇳,2019-10-12T11:36:38Z
lXDI5X4a8h8,UCwFRGieumnh1MrM5F3D65Tg,SCRIMS HIGHLIGHTS |PUBG MOBILE| Team SouL 😼,2019-10-09T14:36:09Z
olo-yPdfclk,UCwFRGieumnh1MrM5F3D65Tg,Road To 100K |PUBG  Mobile|Jai Hind,2019-10-08T19:04:28Z
FUM2f8h0TOw,UCwFRGieumnh1MrM5F3D65Tg,Road To 100K |PUBG  Mobile|Jai Hind,2019-10-08T10:18:52Z
-cyQuqMX1w4,UCwFRGieumnh1MrM5F3D65Tg,PUBG MOBILE LIVE | ROAD TO 100k | JAI HIND 🇮🇳,2019-10-07T12:47:40Z
LB3vRzyjdR8,UCwFRGieumnh1MrM5F3D65Tg,INDIA VS MYANMAR | PUBG MOBILE ft.Team SouL,2019-10-06T16:37:58Z
bL2DdQWQIkU,UCwFRGieumnh1MrM5F3D65Tg,PUBG MOBILE LIVE FT. Team SouL | ROAD TO 100K | JAI HIND 🇮🇳,2019-10-05T12:22:45Z
xvXE_2kiRHI,UCwFRGieumnh1MrM5F3D65Tg,PUBG MOBILE LIVE FT. Team SouL | ROAD TO 100K | JAI HIND 🇮🇳,2019-10-04T09:50:21Z
rv2IffpNE98,UCwFRGieumnh1MrM5F3D65Tg,When Zone favours you in custom 😾,2019-10-04T09:30:12Z
WzKKpeCmykc,UCwFRGieumnh1MrM5F3D65Tg,PUBG MOBILE LIVE | ROAD TO 100K | JAI HIND 🇮🇳,2019-10-03T19:17:48Z
xBPB6lYgixo,UCwFRGieumnh1MrM5F3D65Tg,PUBG MOBILE LIVE| ROAD TO 80K | JAI HIND 🇮🇳,2019-10-03T10:25:53Z
gB8tCQgE7K0,UCwFRGieumnh1MrM5F3D65Tg,PUBG MOBILE LIVE| ROAD TO 80K | JAI HIND 🇮🇳,2019-10-02T19:13:56Z
dhJtElvVkvU,UCwFRGieumnh1MrM5F3D65Tg,PMCO GROUP STAGES| SANHOK MATCH HIGHLIGHTS ft.Team SouL,2019-10-02T15:23:20Z
uZHceXmMmAc,UCwFRGieumnh1MrM5F3D65Tg,PUBG MOBILE LIVE| ROAD TO 80K | JAI HIND 🇮🇳,2019-10-02T10:35:45Z
tZS9ZoYawHY,UCwFRGieumnh1MrM5F3D65Tg,PUBG MOBILE LIVE | ROAD TO 100K | Ft. MortaL VipeR and Frost | JAI HIND 🇮🇳,2019-10-01T18:50:30Z
c-qlsFvJgyM,UCwFRGieumnh1MrM5F3D65Tg,PUBG MOBILE LIVE | ROAD TO 69K | JAI HIND 🇮🇳,2019-09-30T19:45:25Z
Zz0ogHgKgmY,UCwFRGieumnh1MrM5F3D65Tg,ROAD TO 69K | PUBG MOBILE LIVE | JAI HIND 🇮🇳,2019-09-29T13:49:15Z
9AttrCiYDyw,UCwFRGieumnh1MrM5F3D65Tg,Chicken Dinner.exe | PMCO Group Stages Ft. Team SouL,2019-09-29T07:23:15Z
m0hmciLo2Fo,UCwFRGieumnh1MrM5F3D65Tg,PUBG MOBILE LIVE | ROAD TO 69K | JAI HIND 🇮🇳,2019-09-28T09:54:21Z
sI3FqYG5Qr4,UCwFRGieumnh1MrM5F3D65Tg,PUBG MOBILE LIVE WITH  SouLdiers,2019-09-27T09:12:54Z
y62JzAz6i9I,UCwFRGieumnh1MrM5F3D65Tg,PUBG MOBILE LIVE | ROAD TO 69K | JAI HIND 🇮🇳,2019-09-26T19:05:51Z
W3QKVQAQz5Q,UCwFRGieumnh1MrM5F3D65Tg,PUBG MOBILE LIVE WITH  SouLdiers,2019-09-26T14:21:16Z
JMBjENjBMa8,UCwFRGieumnh1MrM5F3D65Tg,"ROAD TO 69K | PUBG MOBILE LIVE WITH MortaL, Viper| JAI HIND 🇮🇳",2019-09-25T19:16:10Z
7VY6tKtM-V4,UCwFRGieumnh1MrM5F3D65Tg,ROAD TO 69K | PUBG MOBILE LIVE | JAI HIND 🇮🇳,2019-09-24T14:26:52Z
q21yVRiAUTE,UCwFRGieumnh1MrM5F3D65Tg,"Intense Tournament Situation Turned into Heal battle ft.MortaL,zeref",2019-09-23T16:08:45Z
yKywWs-vFb8,UCwFRGieumnh1MrM5F3D65Tg,Pubg Mobile Live| Road To 50K 🤗 |  JAI HIND 🇮🇳,2019-09-23T11:24:27Z
MyRNvSMZ9m8,UCwFRGieumnh1MrM5F3D65Tg,ROAD TO 50K | PUBG MOBILE LIVE ❤️ | JAI HIND 🇮🇳,2019-09-21T16:47:41Z
aKyRkJTRwDc,UCwFRGieumnh1MrM5F3D65Tg,PUBG MOBILE LIVE WITH | SOULDIER,2019-09-21T09:18:07Z
6NisKMPuxEU,UCwFRGieumnh1MrM5F3D65Tg,PUBG MOBILE LIVE WITH  SouLdiers,2019-09-20T10:25:05Z
EKKRWMozcd4,UCwFRGieumnh1MrM5F3D65Tg,"Crew Challenge | 44Kills ft.MortaL,VipeR,Frost",2019-09-18T16:06:11Z
0zK8yvVBDi4,UCwFRGieumnh1MrM5F3D65Tg,PUBG MOBILE LIVE WITH  SouLdiers,2019-09-18T12:01:23Z
xyQvO5NZKaY,UCwFRGieumnh1MrM5F3D65Tg,PUBG MOBILE LIVE WITH  SouLdiers,2019-09-17T11:52:21Z
OWRayAk9Two,UCwFRGieumnh1MrM5F3D65Tg,PUBG MOBILE LIVE WITH  SouLdiers,2019-09-16T12:36:44Z
Y_EJiTQrD6k,UCwFRGieumnh1MrM5F3D65Tg,"Crew Challenge domination|49 kills ft.MortaL,Viper,frost",2019-09-15T07:05:25Z
sRLwUwylvxs,UCwFRGieumnh1MrM5F3D65Tg,Season 9 Rank Push with SouLdiers,2019-09-13T12:25:58Z
Q1_IBrLjZRI,UCwFRGieumnh1MrM5F3D65Tg,PUBG MOBILE LIVE WITH  SouLdiers,2019-09-12T15:53:10Z
HQaSC83YaHk,UCwFRGieumnh1MrM5F3D65Tg,PUBG MOBILE LIVE WITH  SouLdiers,2019-09-09T14:52:43Z
beFEVX-zSZg,UCwFRGieumnh1MrM5F3D65Tg,PUBG MOBILE LIVE WITH  SouLdiers,2019-09-08T16:53:46Z
SxgtSpE4HFc,UCwFRGieumnh1MrM5F3D65Tg,PUBG MOBILE LIVE WITH  SouLdiers,2019-09-07T07:34:48Z
Hlyl0QkZC5c,UCwFRGieumnh1MrM5F3D65Tg,PUBG MOBILE LIVE WITH  SouLdiers,2019-09-06T13:53:16Z
d1w0oiR4bro,UCwFRGieumnh1MrM5F3D65Tg,PUBG MOBILE LIVE WITH  SouLdiers,2019-09-05T16:21:11Z
GtZu1R54Q50,UCwFRGieumnh1MrM5F3D65Tg,COMPETITIVE CUSTOM HIGHLIGHTS PART-2 |TPP,2019-09-05T12:36:37Z
UGTngSuNjt4,UCwFRGieumnh1MrM5F3D65Tg,PUBG MOBILE LIVE WITH  SouLdiers,2019-09-04T16:09:30Z
LgmgZK0MsC0,UCwFRGieumnh1MrM5F3D65Tg,PUBG MOBILE LIVE WITH  SouLdiers,2019-09-03T20:00:03Z
ru38mE6fV54,UCwFRGieumnh1MrM5F3D65Tg,PUBG MOBILE LIVE WITH  SouLdiers,2019-09-02T19:14:52Z
UpMP7-mIbms,UCwFRGieumnh1MrM5F3D65Tg,PUBG MOBILE LIVE WITH  SouLdiers,2019-09-02T13:50:56Z
yeB32VHF7Wo,UCwFRGieumnh1MrM5F3D65Tg,COMPETITIVE CUSTOM HIGHLIGHTS 😼1v3 clutches😼,2019-08-31T15:32:25Z
1efG6kahWGE,UCwFRGieumnh1MrM5F3D65Tg,PUBG MOBILE LIVE WITH REGALTOS,2019-08-29T10:48:39Z
1h6XlhrT758,UCwFRGieumnh1MrM5F3D65Tg,PUBG MOBILE LIVE WITH REGALTOS,2019-08-28T13:42:43Z
7BTo2TdWjJM,UCwFRGieumnh1MrM5F3D65Tg,PUBG MOBILE LIVE WITH REGALTOS,2019-08-27T11:16:27Z
ZVbPDZaN-f4,UCwFRGieumnh1MrM5F3D65Tg,ESL WEEK 4 HIGHLIGHTS | FPP,2019-08-25T09:25:39Z
vku8P8SZkfM,UCwFRGieumnh1MrM5F3D65Tg,1vs4 unexpected clutches + custom highlights,2019-08-15T09:34:50Z
G8oLNGiE3dA,UCwFRGieumnh1MrM5F3D65Tg,PUBG MOBILE LIVE WITH REGALTOS,2019-08-13T12:42:57Z
rE5M-JrhwZ4,UCwFRGieumnh1MrM5F3D65Tg,Season 8 RANK PUSH RO CONQUEROR,2019-07-18T12:08:29Z
sr6AW5Pk6Hw,UCwFRGieumnh1MrM5F3D65Tg,PUBG MOBILE LIVE WITH REGALTOS |4Hm,2019-07-07T11:55:23Z
1MPjR8YNokE,UCwFRGieumnh1MrM5F3D65Tg,Watch me play PUBG MOBILE via Omlet Arcade!,2019-06-25T09:35:06Z
xtRiuF-8u8M,UCwFRGieumnh1MrM5F3D65Tg,FUN MATCHES WITH RANDOM |PUBG MOBILE |,2019-06-10T09:06:51Z
xDRlLAHX22I,UCwFRGieumnh1MrM5F3D65Tg,These strategies will help you to play in last circle😱,2019-06-09T10:17:26Z
2mafQpZytB4,UCwFRGieumnh1MrM5F3D65Tg,ESL LEAGUEl PUBG MOBILE |,2019-06-09T08:59:46Z
Yz0VKfk8sb4,UCwFRGieumnh1MrM5F3D65Tg,ESL LEAGUEl PUBG MOBILE |,2019-06-08T16:15:04Z
536s0EyDKSM,UCwFRGieumnh1MrM5F3D65Tg,Competitive custom matches l PUBG MOBILE |,2019-06-07T08:50:07Z
atj-iT3j1Xc,UCwFRGieumnh1MrM5F3D65Tg,Competitive custom matches l PUBG MOBILE |,2019-06-06T13:34:09Z
7mfwh_Wkt_U,UCwFRGieumnh1MrM5F3D65Tg,Competitive custom matches l PUBG MOBILE |,2019-06-06T12:14:50Z
h0F0JIFxLT0,UCwFRGieumnh1MrM5F3D65Tg,Competitive custom matches l PUBG MOBILE |,2019-06-05T12:44:32Z
ys_SCiSwCTQ,UCwFRGieumnh1MrM5F3D65Tg,PUBG MOBILE LIVE WITH TEAM SOUL,2019-06-04T14:45:45Z
447TiE-tbYQ,UCwFRGieumnh1MrM5F3D65Tg,PUBG MOBILE LIVE WITH TEAM SOUL,2019-06-01T15:28:31Z
LnmMucxT6Eg,UCwFRGieumnh1MrM5F3D65Tg,PUBG MOBILE LIVE WITH TEAM SOUL,2019-05-31T15:44:06Z
YZAbo8Qy1DU,UCwFRGieumnh1MrM5F3D65Tg,PUBG MOBILE LIVE WITH TEAM SOUL,2019-05-30T16:26:11Z
vca-0j5gm-A,UCwFRGieumnh1MrM5F3D65Tg,PUBG MOBILE LIVE WITH SOUL REGALTOS and VICKY,2019-05-30T09:40:45Z
_bAWpPRDUoo,UCwFRGieumnh1MrM5F3D65Tg,PUBG MOBILE LIVE WITH SOUL REGALTOS,2019-05-29T09:05:44Z
RYeqN9ZBi3E,UCwFRGieumnh1MrM5F3D65Tg,Watch me play PUBG MOBILE via Omlet Arcade!,2019-05-28T16:27:59Z
iXQtnL6ZNh4,UCwFRGieumnh1MrM5F3D65Tg,CALL OF DUTY : FOR THE FIRST TIME IN INDIA (MOBILE GAMEPLAY),2019-05-16T11:43:05Z
uzzk8y6MVZE,UCwFRGieumnh1MrM5F3D65Tg,PUBG - GUN CHANGE GLITCH EXPLAINED😱😱 | HOW TO FIX IT| WORST GLITCH,2019-05-09T10:25:50Z
mGpHrc6XHT8,UCwFRGieumnh1MrM5F3D65Tg,That's how you should play in tournament 😱 |52 alive in last circle|,2019-04-28T09:22:46Z
FUdtf4X8V7Y,UCwFRGieumnh1MrM5F3D65Tg,clutching impossible situation|regaltos |pubg Mobile|,2019-04-14T07:04:03Z
e2ULWs_FJc0,UCwFRGieumnh1MrM5F3D65Tg,Pushing to conqueror!,2019-04-07T07:05:14Z
JqV3NeYTH5k,UCwFRGieumnh1MrM5F3D65Tg,what happens when SOUL players joins the match?  😱,2019-03-09T06:58:48Z
61tYi_ai46s,UCwFRGieumnh1MrM5F3D65Tg,why pochinki is best hot drop?| 47 kills|Best combination| Regaltos,2019-02-26T10:28:13Z
LZisGAlmYdQ,UCwFRGieumnh1MrM5F3D65Tg,Was that 300iQ clutch? Every pubg player will watch this video Ft. Regaltos,2019-02-20T16:21:32Z
U8moTdYL-JA,UCwFRGieumnh1MrM5F3D65Tg,😱 some clutches ft. MORTAL PART 2😱|REGALTOS|2 FINGERS|,2019-02-11T10:28:48Z
gqhCnqNuwj4,UCwFRGieumnh1MrM5F3D65Tg,"😱Some Clutches ft. MORTAL, RAVEN |3000 SUBSCRIBERS SPECIAL 😱|",2019-02-03T11:06:35Z
LnTxh8SYybI,UCwFRGieumnh1MrM5F3D65Tg,"How to play in last circles..Ft. Mortal,Pothead,beg4mercy| MOST INTENSE GAMEPLAY| SOUL CLANl",2019-01-20T09:32:25Z
x8NVWTo8d0Q,UCwFRGieumnh1MrM5F3D65Tg,Yamraj is BACK!! |HACKER ALERT| THIS HACKER GOT ALL TYPES OF  HACKS|,2019-01-10T08:42:33Z
-1gn9EFPYA0,UCwFRGieumnh1MrM5F3D65Tg,👏11 KILLS IN JUST 5 MINUTES🔥+SAD ENDING🔥• SOUL REGALTOS• SOUL CLAN❤,2019-01-03T11:43:53Z
iAt8T2SLxtg,UCwFRGieumnh1MrM5F3D65Tg,A Game With Casetoo,2018-12-23T07:37:30Z
dun-qhYp3-c,UCwFRGieumnh1MrM5F3D65Tg,"Mini Militia: 2v2 ft ReveaL,Pride, Titanium 💯",2018-05-16T09:55:31Z
55-8DNUmGH8,UCwFRGieumnh1MrM5F3D65Tg,MinI Militia: 1v1 - Regaltos Vs Adidas💯,2018-05-10T14:16:22Z
97DC86-Pzr4,UCwFRGieumnh1MrM5F3D65Tg,"Mini Militia| clan war iV Vs 3M ft. Reveal , CZar, Saj 🔥",2018-04-20T14:49:04Z
XdwCxSYJgFE,UCwFRGieumnh1MrM5F3D65Tg,Mini Militia|| Round 3 of BiD TOURNAMENT 💯 ft. Altair🔥 Rise🔥 Spidey🔥,2018-04-04T15:06:30Z
3k-pN5nzPCo,UCwFRGieumnh1MrM5F3D65Tg,"Mini Militia || Round1 of BID TOURNAMENT 💯 2V2 Ft. Sp!dey, ßruce, Titan🔥",2018-03-30T11:26:50Z
jK7UjNYoN3s,UCwFRGieumnh1MrM5F3D65Tg,| MINI MILITIA| Clan war💯 DoA Vs AG 💯 Ft. Toxic aura🔹cigar🔹Invictus,2018-03-21T15:40:50Z
ur3bJ3IB8Ko,UCwFRGieumnh1MrM5F3D65Tg,"| MINI MILITIA| CW-TGB VS GST 🔥 Ft. Toxic aura🔥, iPodKing🔥🔥",2018-03-17T11:24:09Z
oDRCC3HNcbU,UCwFRGieumnh1MrM5F3D65Tg,Mini Militia| 2vs2 ft Phos7 OP💯,2018-03-14T16:18:22Z
psnOLot2GOo,UCwFRGieumnh1MrM5F3D65Tg,Mini Militia| HoPe Vs GSK| 💯 ft. SP!DEY and Earth,2018-03-09T07:28:08Z
BXQHdFZxMUU,UCwFRGieumnh1MrM5F3D65Tg,MINI MILITIA| AGAIN EPIC ♥️ 1V1💯| 3rd and 4th round of EvL tournament 💯,2018-03-02T12:21:35Z
o4zl9H45Uxg,UCwFRGieumnh1MrM5F3D65Tg,MINI MILITIA EPIC♥️| 1 Vs 1| 2nd Round Of EvL Tournament 😳💯,2018-02-25T13:20:40Z
8moc9T0yruE,UCwFRGieumnh1MrM5F3D65Tg,Mini Militia | 1vs1| ft. [ Blur] * EVL TOURNAMENT 💯,2018-02-19T14:16:03Z
AhPP_IOrPvE,UCwFRGieumnh1MrM5F3D65Tg,|MINI MILITIA| Pro 🔥 2vs2 ft. [MiLitian]✓,2018-02-09T15:42:15Z
WHNbW7U-y-E,UCwFRGieumnh1MrM5F3D65Tg,"|MINI MILITIA| Pro 🔥 3v3 ft. [Phos7, blade]",2018-02-05T13:45:30Z
gbv2DvhXFEU,UCwFRGieumnh1MrM5F3D65Tg,1vs1 ft. Neresus ( Final match of Tournament),2018-01-27T07:41:13Z
